,Datum,Leistung nicht erneuerbar (MW),Leistung erneuerbar (MW),Day Ahead Auktion Preis (EUR/MWh),temperature_2m_max,temperature_2m_min,temperature_2m_mean,daylight_duration,sunshine_duration,precipitation_sum,rain_sum,snowfall_sum,wind_speed_10m_max,wind_gusts_10m_max
0,2020-01-01,468837.03,441093.57,34.964166666666664,2.4919999,-6.008,-1.8871669,29737.658,23955.645,0.0,0.0,0.0,9.028754,18.0
1,2020-01-02,505002.46,605620.76,38.869166666666665,5.492,-3.358,1.7107501,29806.922,21600.0,0.3,0.3,0.0,21.566975,43.92
2,2020-01-03,427798.33,968577.88,26.11125,5.192,2.5419998,3.3940837,29881.408,2552.6797,3.4,3.2,0.14,27.397867,56.519997
3,2020-01-04,411321.39999999997,987041.46,20.322916666666668,2.842,-0.45799997,1.1232499,29960.994,22577.332,0.2,0.2,0.0,20.929594,45.36
4,2020-01-05,508187.8,514534.0,35.5525,3.192,-3.5080001,-0.32050005,30045.52,24541.53,0.0,0.0,0.0,10.163227,21.96
5,2020-01-06,642899.08,603746.09,38.134166666666665,2.142,-3.558,-0.018416548,30134.854,0.0,0.4,0.4,0.0,11.928989,24.119999
6,2020-01-07,744675.06,678045.61,40.52375,2.9919999,-0.8579999,1.21075,30228.84,0.0,1.3,1.3,0.0,9.449572,20.16
7,2020-01-08,744989.3,758546.49,33.581250000000004,6.542,2.592,4.3045,30327.334,5210.62,1.6000001,1.6000001,0.0,12.303366,24.48
8,2020-01-09,677095.1,727855.02,36.248333333333335,8.992001,2.942,6.2128334,30430.186,19675.104,1.4000001,1.4000001,0.0,15.328561,30.960001
9,2020-01-10,657416.93,815878.37,34.79958333333333,5.342,-0.80799997,2.875333,30537.254,11127.82,1.4000001,1.4000001,0.0,17.811815,37.44
10,2020-01-11,572021.32,727147.7,31.855833333333333,4.292,-3.0080001,-0.3975834,30648.395,20029.615,0.0,0.0,0.0,10.233123,23.4
11,2020-01-12,412241.19,982066.01,22.6375,2.392,-0.55799997,1.2024165,30763.459,0.0,0.2,0.2,0.0,10.703569,21.96
12,2020-01-13,691466.79,653957.79,37.68,5.3919997,-1.808,1.03575,30882.506,21575.455,0.0,0.0,0.0,14.241629,31.319998
13,2020-01-14,481688.37,1118377.74,23.355416666666667,5.292,-1.058,1.1836667,31006.871,26273.613,0.0,0.0,0.0,14.458382,28.44
14,2020-01-15,479511.53,1077928.6,24.959999999999997,6.1419997,-1.308,2.2378333,31136.562,20261.395,0.2,0.2,0.0,10.44,19.8
15,2020-01-16,679178.75,694046.9,38.17,3.4919999,-2.5080001,0.11908326,31271.307,25607.344,0.3,0.3,0.0,10.30883,24.84
16,2020-01-17,664758.83,797974.43,36.895,4.692,0.041999996,2.5336664,31410.826,8195.466,0.8000001,0.8000001,0.0,12.6462,27.0
17,2020-01-18,589456.65,721567.68,31.847916666666666,2.842,-1.208,0.18575002,31554.863,8706.287,0.4,0.0,0.28,10.30883,22.68
18,2020-01-19,621767.71,481595.16,33.8925,4.342,-3.7080002,-0.026750067,31703.14,25751.621,0.0,0.0,0.0,9.028754,19.44
19,2020-01-20,951282.54,434619.63,44.53375,3.0419998,-4.808,-2.124667,31855.39,27233.918,0.0,0.0,0.0,7.729527,12.959999
20,2020-01-21,954013.55,603469.44,41.597500000000004,1.092,-5.758,-2.1205003,32011.37,21891.113,0.0,0.0,0.0,8.39657,19.08
21,2020-01-22,1039493.22,439948.36,45.90208333333334,3.442,-5.158,-1.1934166,32170.818,24427.785,0.0,0.0,0.0,9.0,20.519999
22,2020-01-23,1085335.81,308342.3,51.5375,1.592,-4.958,-2.085084,32333.48,19454.076,0.0,0.0,0.0,7.9036193,18.72
23,2020-01-24,1062287.93,419899.31,50.244166666666665,3.0419998,-3.558,-0.12466669,32499.13,9402.3545,0.0,0.0,0.0,6.9527545,14.04
24,2020-01-25,888754.52,375213.69,40.35,2.5419998,-1.058,0.2045,32667.518,0.0,0.70000005,0.70000005,0.0,9.904906,22.319998
25,2020-01-26,661723.62,436550.23,33.889583333333334,7.192,-1.158,1.9024166,32838.418,15287.904,0.3,0.3,0.0,12.287555,26.28
26,2020-01-27,686986.67,761511.18,37.48833333333334,5.342,0.842,3.5440834,33011.594,10235.713,7.6000004,7.0,0.42000002,32.44996,77.76
27,2020-01-28,492391.39,1005785.8300000001,31.61,3.942,-0.258,1.5086665,33186.832,13033.4,2.6,0.39999998,1.5400001,26.28986,56.519997
28,2020-01-29,501450.89,1048630.44,33.22416666666667,7.3919997,0.09200001,3.7357502,33363.918,17274.314,0.8,0.70000005,0.07,21.2522,57.6
29,2020-01-30,477082.84,1047873.42,32.82041666666667,11.292001,5.692,9.698251,33542.633,1620.7651,4.5,4.5,0.0,25.277023,52.92
30,2020-01-31,398293.03,1097995.93,22.483333333333334,14.042001,8.042,10.267001,33722.77,19831.105,8.200001,8.200001,0.0,26.299719,58.679996
31,2020-02-01,274378.08,1114299.07,6.835,11.342,4.942,8.292,33904.133,992.1434,9.099999,9.099999,0.0,31.810638,66.24
32,2020-02-02,326095.73,775360.26,16.987916666666667,9.742001,6.192,7.7920003,34086.81,14260.454,9.500003,9.500003,0.0,28.47643,59.039997
33,2020-02-03,445085.94,865936.14,27.657916666666665,9.942,0.792,3.6378329,34272.598,27283.863,15.599999,14.800001,0.56,33.847656,70.56
34,2020-02-04,501414.16000000003,910102.36,27.875416666666666,3.5419998,-2.908,1.1149164,34461.65,16692.896,0.6,0.0,0.42000002,27.333935,57.239998
35,2020-02-05,742586.86,653154.75,36.19916666666666,3.142,-2.7580001,-0.16008341,34653.703,18111.04,0.0,0.0,0.0,11.304229,25.919998
36,2020-02-06,877473.15,552469.55,36.919583333333335,3.342,-1.8579999,0.31491667,34848.52,12798.761,0.0,0.0,0.0,9.346143,20.880001
37,2020-02-07,826639.15,488522.61,36.68666666666667,4.8919997,-2.7080002,-0.020500064,35045.86,30951.543,0.0,0.0,0.0,11.113451,28.44
38,2020-02-08,479135.15,705660.46,28.050416666666667,10.442,-1.9580001,3.92325,35245.477,29991.25,0.0,0.0,0.0,25.045238,51.48
39,2020-02-09,275924.43,1079053.75,1.5662500000000001,12.392,2.7919998,8.041999,35447.16,25850.809,9.799999,9.4,0.28,45.09063,119.88
40,2020-02-10,342716.96,1183461.39,7.881666666666667,5.242,2.292,3.6774168,35650.676,30290.291,7.2,4.3,2.03,34.471764,90.0
41,2020-02-11,351153.81,1257586.2,11.62,3.892,0.542,2.0815833,35855.812,21761.479,3.0,0.6,1.6800001,31.328272,78.479996
42,2020-02-12,394610.42,1175724.1400000001,19.46125,6.8919997,-1.258,2.3482502,36062.355,13102.957,5.8999996,5.0,0.63,20.858265,56.16
43,2020-02-13,559676.12,819684.8,37.58875,6.092,2.392,4.3711667,36270.094,7468.028,4.6,4.6,0.0,23.491207,50.76
44,2020-02-14,663006.5,491969.78,36.03458333333334,8.942,0.742,4.046167,36478.836,28652.502,0.0,0.0,0.0,12.768586,28.08
45,2020-02-15,322473.71,952264.62,20.436249999999998,13.442,2.4919999,7.821167,36688.38,14003.176,0.1,0.1,0.0,16.343367,36.36
46,2020-02-16,252739.69,1152357.76,-8.274166666666668,13.092,6.092,8.96075,36898.535,4867.24,8.900001,8.900001,0.0,20.633371,45.0
47,2020-02-17,367994.93,1073282.98,18.246666666666666,6.992,2.292,4.8753333,37109.113,29185.44,0.6,0.6,0.0,27.804028,59.399998
48,2020-02-18,367162.22,1170720.08,21.86708333333333,5.092,0.592,3.0378335,37319.934,14438.764,2.3999999,2.0,0.28,23.598541,52.56
49,2020-02-19,420966.41,1039017.51,30.910833333333333,6.6419997,0.342,3.089917,37530.81,861.8113,0.9000001,0.5,0.28,11.885453,26.28
50,2020-02-20,423317.83,960903.82,28.677083333333332,5.942,1.942,3.9253333,37741.57,18000.0,2.1000001,2.1000001,0.0,36.102455,75.24
51,2020-02-21,344205.9,1129982.15,24.327916666666667,12.042001,1.042,6.889916,37952.035,32421.809,0.5,0.5,0.0,22.461807,46.079998
52,2020-02-22,243166.11,1236952.5,-1.50875,12.292001,7.1419997,9.300334,38162.316,0.0,7.4,7.4,0.0,38.60234,82.439995
53,2020-02-23,238573.42,1063868.87,6.952500000000001,8.692,2.642,4.7274165,38374.17,0.0,3.3000004,3.3000004,0.0,27.971327,66.6
54,2020-02-24,391664.02,874209.13,28.485833333333332,9.092,4.992,7.383667,38587.805,4544.8833,6.1,6.1,0.0,20.858265,45.36
55,2020-02-25,421191.46,1085359.56,24.10166666666667,4.292,0.742,2.5086665,38803.043,30077.418,5.3999996,1.3000001,2.8700001,29.59235,66.6
56,2020-02-26,565027.42,693951.09,31.67125,5.092,0.14199999,1.6440834,39019.7,2379.8032,15.299999,0.6999999,10.22,22.545315,47.16
57,2020-02-27,686191.91,552006.51,38.442083333333336,3.592,-1.058,1.4086666,39237.61,15059.861,2.2,0.0,1.5400001,29.024128,60.839996
58,2020-02-28,551907.2,894168.9,31.040000000000003,9.342,0.542,4.881583,39456.61,19157.672,6.4999995,5.9999995,0.35,21.67786,48.6
59,2020-02-29,283030.01,1109969.4,8.910416666666666,10.192,4.192,6.6815834,39676.527,32919.94,0.5,0.5,0.0,23.424908,53.28
60,2020-03-01,296020.32,1012990.35,7.140416666666667,10.092,0.89199996,6.0607505,39897.2,28127.035,2.4999998,2.4999998,0.0,22.870626,49.32
61,2020-03-02,675190.08,563391.58,33.17916666666667,6.292,0.592,3.850333,40118.48,3508.5598,3.3999999,3.3999999,0.0,25.537172,55.44
62,2020-03-03,808372.4,528377.96,36.24916666666667,5.6419997,-2.4580002,1.0711666,40340.2,23147.893,1.5000001,1.3000001,0.14,18.0036,39.6
63,2020-03-04,836681.8,490111.48,39.61083333333333,6.592,-2.908,2.47325,40562.21,9374.747,7.4,7.4,0.0,16.071491,33.12
64,2020-03-05,732841.86,580726.98,36.071666666666665,7.192,2.9919999,5.1565833,40784.355,10301.156,3.1999998,3.1999998,0.0,22.38378,52.56
65,2020-03-06,581543.39,772137.36,30.477500000000003,5.542,0.89199996,3.0545003,41006.492,22169.666,1.6000001,1.6000001,0.0,20.780453,44.639996
66,2020-03-07,488329.85,650416.31,29.08875,8.792001,-0.55799997,4.064917,41228.465,30559.934,0.0,0.0,0.0,14.021525,33.839996
67,2020-03-08,318036.28,883351.4,17.106666666666666,8.892,2.142,4.9128337,41450.13,16194.733,1.3000001,1.3000001,0.0,16.071491,36.0
68,2020-03-09,600054.52,590890.23,37.11333333333334,8.442,1.242,4.0107503,41671.336,0.0,13.199999,13.199999,0.0,24.379204,49.68
69,2020-03-10,417567.25,1129297.7,23.249583333333334,13.142,8.892,10.881584,41891.94,0.0,4.1999993,4.1999993,0.0,31.569351,64.799995
70,2020-03-11,385509.32,1013950.98,22.6875,15.492001,7.542,10.775333,42111.793,25200.0,1.0,1.0,0.0,31.883888,68.03999
71,2020-03-12,336082.95,1211373.53,12.23625,8.792001,2.942,5.856583,42330.75,38619.3,0.9,0.9,0.0,31.780067,68.76
72,2020-03-13,372641.64,1092172.64,16.537499999999998,7.992,-1.258,3.8378336,42548.914,27988.816,0.1,0.1,0.0,10.028439,20.880001
73,2020-03-14,393557.3,562961.42,30.267083333333332,10.442,-0.358,4.3940835,42767.9,38820.938,0.0,0.0,0.0,16.375053,37.8
74,2020-03-15,297794.65,966167.08,4.648333333333333,16.292,-0.007999986,7.5836663,42987.895,38916.05,0.0,0.0,0.0,10.365251,24.48
75,2020-03-16,598054.61,568842.86,31.190833333333334,13.892,4.592,8.412834,43208.785,16291.353,2.0,2.0,0.0,11.304229,28.8
76,2020-03-17,623198.66,586541.67,28.182916666666667,15.892,2.592,9.339917,43430.426,32935.027,0.0,0.0,0.0,9.0645685,21.96
77,2020-03-18,536347.98,719845.16,26.41875,17.192,3.342,10.106585,43652.68,39240.375,0.0,0.0,0.0,9.3876505,18.72
78,2020-03-19,646936.66,383653.16,28.690833333333334,16.442,4.492,9.8045,43875.43,37257.79,1.4000001,1.4000001,0.0,14.773164,29.88
79,2020-03-20,543355.08,527855.23,25.135416666666668,6.242,0.89199996,3.6503332,44098.527,0.0,5.999999,5.999999,0.0,24.490585,50.399998
80,2020-03-21,266777.93,944361.54,10.736666666666666,3.592,-2.858,0.10658338,44321.848,37096.848,0.0,0.0,0.0,20.345573,46.8
81,2020-03-22,260187.93,969434.27,-0.9470833333333335,4.192,-5.008,-0.63091666,44545.258,40696.934,0.0,0.0,0.0,16.394829,39.6
82,2020-03-23,348488.5,893104.81,16.982916666666664,5.8919997,-4.808,0.11491678,44768.625,41002.812,0.0,0.0,0.0,17.298738,39.6
83,2020-03-24,423642.77999999997,827900.17,20.451666666666664,6.742,-3.908,1.1524167,44991.812,41133.78,0.0,0.0,0.0,23.78453,54.719997
84,2020-03-25,455915.48,828957.22,23.06125,8.542001,-2.2580001,3.3336668,45214.688,41125.83,0.0,0.0,0.0,25.14852,55.079998
85,2020-03-26,434197.56,816459.27,22.229166666666668,16.192,3.5419998,9.1545,45437.113,41307.242,0.0,0.0,0.0,20.06334,45.0
86,2020-03-27,420507.38,780961.57,21.548333333333332,16.741999,3.442,9.412834,45658.957,40580.004,0.0,0.0,0.0,15.39184,34.2
87,2020-03-28,303909.21,766408.38,14.241666666666667,8.792001,1.592,4.5169997,45880.074,27949.688,0.0,0.0,0.0,19.05281,40.32
88,2020-03-29,246757.5,872634.41,4.222608695652174,5.242,-3.658,0.792,46100.33,41880.33,0.0,0.0,0.0,18.899143,39.96
89,2020-03-30,449685.0,644529.65,23.320000000000004,4.842,-3.308,0.6024167,46319.58,34921.477,0.2,0.0,0.14,12.904882,31.68
90,2020-03-31,526652.46,494009.02,25.17,7.842,-4.258,1.2274166,46537.676,42282.527,0.0,0.0,0.0,11.043261,19.08
91,2020-04-01,458109.62,679186.91,23.360833333333332,11.892,-3.408,3.6565835,46754.473,42497.637,0.0,0.0,0.0,10.446206,24.119999
92,2020-04-02,399346.83,826079.8,19.951666666666664,9.942,-0.55799997,4.5836663,46970.06,26691.316,0.0,0.0,0.0,13.53236,31.319998
93,2020-04-03,379615.81,764406.05,22.532916666666665,12.642,-0.10800001,7.3128324,47185.938,34268.914,0.0,0.0,0.0,10.685391,20.880001
94,2020-04-04,346684.73,539686.11,20.145416666666666,15.192,2.392,9.069083,47402.324,43194.008,0.0,0.0,0.0,17.208603,39.96
95,2020-04-05,221848.79,896473.16,2.6816666666666666,18.741999,2.4919999,10.762834,47619.09,43442.87,0.0,0.0,0.0,11.269782,27.359999
96,2020-04-06,288114.68,808755.9,17.335416666666667,21.042,2.892,12.437833,47836.094,43699.22,0.0,0.0,0.0,12.904882,28.8
97,2020-04-07,399758.91,555851.95,23.539583333333336,20.792,6.242,13.454498,48053.215,44074.484,0.0,0.0,0.0,11.212135,20.880001
98,2020-04-08,412692.22,549345.55,26.512083333333333,20.692,4.492,13.439916,48270.312,40989.297,0.0,0.0,0.0,11.923557,28.08
99,2020-04-09,418792.68,542420.09,23.510416666666668,20.241999,8.642,13.946166,48487.258,43659.13,0.0,0.0,0.0,14.182355,30.960001
100,2020-04-10,296009.94,493433.82,23.13875,18.792,5.1419997,12.169083,48703.918,44867.582,0.0,0.0,0.0,10.495713,19.8
101,2020-04-11,278387.22,490347.46,20.855833333333333,21.741999,4.692,13.602416,48920.14,44388.543,0.0,0.0,0.0,13.779114,28.44
102,2020-04-12,249053.32,550164.77,12.450000000000001,18.491999,2.842,10.452417,49135.797,30237.248,6.9,6.9,0.0,19.486609,51.48
103,2020-04-13,204282.71,875000.49,-15.96625,6.8919997,-0.70799994,3.2774165,49350.727,38137.117,0.0,0.0,0.0,16.904673,41.760002
104,2020-04-14,276643.31,705582.19,19.900000000000002,14.692,-2.5080001,6.908667,49564.79,45242.484,0.0,0.0,0.0,9.793059,18.0
105,2020-04-15,283233.69,729619.73,20.170833333333334,21.092,1.292,11.685749,49777.83,45329.785,0.0,0.0,0.0,13.276144,31.319998
106,2020-04-16,359550.17,564126.03,25.316666666666666,22.241999,7.292,14.975331,49989.69,45458.312,0.0,0.0,0.0,12.324414,34.56
107,2020-04-17,384315.01,489051.45,27.77,20.592,8.492001,14.716999,50200.22,39728.117,0.0,0.0,0.0,9.726665,25.199999
108,2020-04-18,287425.02,584597.32,20.234583333333333,15.742001,8.642,11.952418,50409.23,40997.492,1.5999999,1.5999999,0.0,20.456745,45.36
109,2020-04-19,249926.27,794927.46,7.410833333333334,15.592,4.942,10.275333,50616.582,46152.79,0.0,0.0,0.0,26.552288,58.679996
110,2020-04-20,236063.02,1053472.23,2.4416666666666664,17.192,5.742,11.512833,50822.08,46358.227,0.0,0.0,0.0,27.77838,61.920002
111,2020-04-21,218578.73,1151305.34,-16.149583333333336,18.491999,6.242,12.423251,51025.555,46784.586,0.0,0.0,0.0,22.91026,51.839996
112,2020-04-22,235970.0,1001110.1,7.87625,19.292,6.342,12.7024145,51227.055,46906.465,0.0,0.0,0.0,14.764389,35.64
113,2020-04-23,361605.48,586362.51,27.756249999999998,20.542,4.742,13.369083,51428.055,42174.676,0.0,0.0,0.0,20.780453,45.719997
114,2020-04-24,307238.54,723863.87,20.65041666666667,15.792001,6.742,11.558667,51628.74,47138.465,0.0,0.0,0.0,14.386494,33.12
115,2020-04-25,264666.58,596835.21,16.862083333333334,17.892,2.2419999,10.93575,51828.957,47763.37,0.0,0.0,0.0,8.089993,21.24
116,2020-04-26,300177.36,452979.25,18.889166666666664,20.192,4.142,12.552418,52028.56,46556.008,1.6,1.6,0.0,14.003029,37.8
117,2020-04-27,425528.43,487146.71,25.499583333333334,19.592,8.242001,14.014915,52227.387,30358.13,0.2,0.2,0.0,13.698934,33.12
118,2020-04-28,478238.35,447452.25,25.060000000000002,15.692,8.942,11.948251,52425.29,21902.914,2.7999997,2.7999997,0.0,18.556595,40.68
119,2020-04-29,457451.36,492526.17,23.052916666666665,16.642,6.592,11.402416,52622.09,18838.312,2.4,2.4,0.0,19.95972,51.12
120,2020-04-30,309166.84,737659.17,20.004166666666666,15.742001,7.042,10.752418,52817.633,39760.31,2.1,2.1,0.0,18.39878,46.44
121,2020-05-01,228457.36000000002,724489.47,6.53125,14.042001,5.8919997,9.300334,53011.746,44182.97,0.7,0.7,0.0,26.302181,59.399998
122,2020-05-02,228017.21,662955.08,12.47375,14.442,4.942,9.960752,53204.242,41568.695,0.6,0.6,0.0,15.111424,36.36
123,2020-05-03,254071.47999999998,495521.98,14.055416666666666,17.692,6.3919997,10.864918,53394.95,31095.623,3.2000003,3.2000003,0.0,15.463246,39.6
124,2020-05-04,414582.01,485496.96,26.37708333333333,13.742001,3.842,8.63575,53583.67,43371.113,0.0,0.0,0.0,17.399586,38.88
125,2020-05-05,394821.2,612635.73,21.71875,12.592,0.392,7.7503343,53770.23,31201.15,0.0,0.0,0.0,11.620809,29.88
126,2020-05-06,379336.59,677053.15,21.486666666666665,19.042,4.042,11.829499,53954.418,49592.47,0.0,0.0,0.0,12.10157,30.599998
127,2020-05-07,405584.15,571245.88,23.830416666666665,23.792,6.592,15.489918,54136.035,42407.285,0.0,0.0,0.0,10.739832,25.199999
128,2020-05-08,416549.17,497537.2,23.782916666666665,23.092,10.942,16.527414,54314.87,33598.04,0.2,0.2,0.0,10.538843,23.4
129,2020-05-09,334696.89,449108.49,21.98375,20.692,10.942,16.267,54490.723,32440.865,2.8000002,2.8000002,0.0,11.298495,30.599998
130,2020-05-10,250810.11,586035.4,12.579583333333334,17.542,2.7419999,9.346168,54663.363,8644.251,22.400002,21.000002,0.97999996,27.345785,60.839996
131,2020-05-11,267711.22000000003,898727.42,14.069166666666668,11.192,-0.908,6.242,54832.566,48063.402,0.0,0.0,0.0,15.941944,33.48
132,2020-05-12,367182.04,693669.04,22.273750000000003,13.742001,0.69200003,7.9795003,54998.33,29509.71,3.3000002,3.3000002,0.0,11.177405,21.24
133,2020-05-13,474045.7,507312.87,29.758333333333336,13.142,6.592,9.858667,55161.97,22089.39,2.8999996,2.8999996,0.0,16.135872,33.12
134,2020-05-14,440338.13,567760.09,22.78625,13.792001,6.792,10.619084,55323.633,18084.49,0.0,0.0,0.0,17.87718,39.6
135,2020-05-15,374312.57,666961.98,21.08375,17.642,4.242,11.606583,55483.152,50009.855,0.0,0.0,0.0,11.928989,27.72
136,2020-05-16,276683.77,717373.08,16.955833333333334,18.241999,4.342,12.414917,55640.363,49509.17,0.0,0.0,0.0,13.53236,32.760002
137,2020-05-17,247741.13,749384.35,9.462916666666667,21.342,4.742,14.214917,55795.105,50613.145,0.0,0.0,0.0,10.587918,25.919998
138,2020-05-18,341323.81,705410.56,19.7425,23.842,8.892,17.056583,55947.2,43884.57,0.0,0.0,0.0,15.941944,37.079998
139,2020-05-19,392333.03,598178.6,23.687083333333334,18.442,10.342,14.860749,56096.477,28437.871,0.0,0.0,0.0,13.202726,30.239998
140,2020-05-20,463952.3,403736.97,32.05166666666667,22.342,9.342,16.089918,56242.75,49047.96,0.0,0.0,0.0,11.966954,28.08
141,2020-05-21,289624.77,508790.92,19.579583333333332,23.292,9.642,17.087833,56385.848,28050.275,2.4,2.4,0.0,11.183201,29.88
142,2020-05-22,266622.23,649187.58,18.8325,18.241999,8.842,14.183667,56525.58,9832.799,10.7,10.7,0.0,19.95972,42.839996
143,2020-05-23,223836.43,722238.05,10.264999999999999,15.492001,7.942,11.977418,56661.76,42847.934,0.90000004,0.90000004,0.0,26.33911,57.239998
144,2020-05-24,205203.09,858451.6,-26.13083333333333,15.842,9.292001,12.398251,56794.188,38234.812,1.3000001,1.3000001,0.0,24.967497,55.44
145,2020-05-25,325513.56,742776.91,18.630416666666665,16.741999,6.592,12.306584,56922.668,50186.664,0.1,0.1,0.0,14.654254,33.48
146,2020-05-26,461889.52,451698.27999999997,27.425,19.392,6.942,14.277417,57047.023,45625.96,0.0,0.0,0.0,10.365251,27.359999
147,2020-05-27,389431.75,562615.71,22.89708333333333,17.991999,9.192,13.244084,57167.043,28987.336,1.8,1.8,0.0,20.65848,46.079998
148,2020-05-28,352235.85,676761.1,20.41208333333333,17.991999,5.3919997,12.421166,57282.52,46618.023,0.5,0.5,0.0,15.30741,35.64
149,2020-05-29,352187.14,566424.66,22.692083333333333,16.892,7.042,12.431583,57393.25,35450.555,0.1,0.1,0.0,18.59845,42.839996
150,2020-05-30,220504.13,642300.56,12.536666666666667,16.892,6.592,12.750335,57499.043,40884.883,0.0,0.0,0.0,17.533146,40.32
151,2020-05-31,212432.84,706469.13,1.6612500000000006,24.542,9.442,16.958666,57599.684,52033.477,0.0,0.0,0.0,16.641972,47.16
152,2020-06-01,225643.11,710056.51,6.070416666666667,24.142,10.442,17.76075,57695.1,52249.055,0.0,0.0,0.0,11.090103,25.919998
153,2020-06-02,378362.58,546615.16,28.341250000000002,25.392,10.492001,18.235748,57786.086,51006.42,0.8,0.8,0.0,11.91812,36.0
154,2020-06-03,423399.57,566994.22,28.839583333333334,17.692,11.592,14.7836685,57872.734,5907.3115,6.0,6.0,0.0,15.9134655,41.760002
155,2020-06-04,440432.82,506902.49,26.5525,16.142,10.692,12.802417,57954.95,23166.098,3.2,3.2,0.0,21.166653,46.079998
156,2020-06-05,316327.77,753770.59,24.3,16.942,10.142,12.983668,58032.633,13180.16,2.8,2.8,0.0,16.965895,38.16
157,2020-06-06,198378.74,852282.63,6.685,13.392,8.542001,11.5982485,58105.707,0.0,16.500002,16.500002,0.0,11.212135,29.88
158,2020-06-07,237662.29,563076.86,17.643333333333334,17.292,8.242001,12.948249,58174.08,42333.742,0.2,0.2,0.0,11.165805,25.919998
159,2020-06-08,451739.79,403374.3,31.36916666666667,14.392,11.742001,12.992,58237.66,0.0,9.300001,9.300001,0.0,13.202726,28.44
160,2020-06-09,567396.55,388084.11,36.67666666666667,15.442,11.942,13.239917,58296.355,0.0,11.700001,11.700001,0.0,15.815435,34.56
161,2020-06-10,543427.38,417810.62,31.364583333333332,19.491999,11.692,15.562833,58350.113,48397.953,4.5999994,4.5999994,0.0,8.825508,24.48
162,2020-06-11,383579.37,529056.0,24.063333333333333,25.592,10.492001,19.077415,58398.816,53020.37,0.0,0.0,0.0,14.764389,34.92
163,2020-06-12,310302.79,696359.08,20.722083333333334,27.491999,15.992001,21.725332,58442.418,52138.17,0.0,0.0,0.0,11.183201,24.48
164,2020-06-13,251870.53,688028.75,19.844166666666666,20.241999,15.242001,17.667002,58480.82,16816.03,38.400005,38.400005,0.0,20.008356,45.0
165,2020-06-14,261288.86000000002,539432.52,18.506666666666668,18.642,14.392,15.7545,58513.96,289.08804,11.600001,11.600001,0.0,17.651016,36.36
166,2020-06-15,535593.09,462308.35,31.05333333333333,21.092,14.292001,17.379501,58541.77,29758.68,3.3999999,3.3999999,0.0,9.107359,22.68
167,2020-06-16,601239.3200000001,362495.43,34.12,23.241999,13.392,18.86075,58564.18,51015.24,0.4,0.4,0.0,12.849528,29.88
168,2020-06-17,620766.78,443124.28,37.235,17.842,11.392,14.979499,58581.12,6886.8223,5.3,5.3,0.0,17.873554,38.88
169,2020-06-18,595649.4,501792.04000000004,31.80333333333333,20.692,10.342,16.192,58592.555,41426.586,3.0,3.0,0.0,17.447933,41.760002
170,2020-06-19,540437.39,478437.76,29.853333333333335,18.642,13.542001,15.987831,58598.395,19380.293,3.5,3.5,0.0,18.775303,40.32
171,2020-06-20,327465.97,601485.6,24.08458333333333,22.292,12.892,17.606583,58598.62,51840.953,0.0,0.0,0.0,16.135872,37.079998
172,2020-06-21,283044.02,519397.15,19.499583333333334,23.142,13.592,18.450333,58593.15,51862.03,0.90000004,0.90000004,0.0,14.168641,40.32
173,2020-06-22,461871.44,548179.79,29.58,24.542,14.842,19.087831,58581.895,52030.68,0.0,0.0,0.0,13.207634,31.68
174,2020-06-23,521795.88,534696.38,32.74166666666667,23.442,11.892,17.71283,58564.887,43328.234,0.2,0.2,0.0,17.462782,39.6
175,2020-06-24,560345.2,581640.84,35.57041666666667,22.192,12.142,17.373247,58542.223,48963.65,0.5,0.5,0.0,13.324863,30.239998
176,2020-06-25,557037.5,654362.38,34.45041666666666,25.542,12.442,19.296167,58513.992,53152.816,0.0,0.0,0.0,10.829958,27.72
177,2020-06-26,543301.43,611739.61,34.803333333333335,27.592,16.542,21.59825,58480.266,47870.92,0.8,0.8,0.0,16.923828,37.44
178,2020-06-27,393366.3,571220.03,26.830833333333334,24.642,16.392,20.535753,58441.16,46800.0,2.7999997,2.7999997,0.0,14.707222,44.28
179,2020-06-28,286911.66,644353.67,17.107083333333332,20.491999,13.942,16.964916,58396.77,30429.44,4.7999997,4.7999997,0.0,15.119999,42.48
180,2020-06-29,399138.43,697335.93,27.480833333333333,21.842,12.792001,17.631584,58347.18,46843.824,0.2,0.2,0.0,21.862406,48.96
181,2020-06-30,347664.65,929893.04,18.354166666666668,27.892,13.342,21.277414,58292.504,52722.242,0.2,0.2,0.0,14.113652,42.839996
182,2020-07-01,457966.71,706301.16,32.385,23.292,17.142,19.72325,58232.84,40550.004,2.8,2.8,0.0,15.034041,41.760002
183,2020-07-02,502090.91,536581.4,38.91375,21.342,13.842,17.756582,58168.3,53034.32,0.0,0.0,0.0,14.84318,34.92
184,2020-07-03,450210.89,621112.02,34.93125,23.491999,11.742001,18.606583,58098.992,46831.547,0.0,0.0,0.0,16.58346,37.44
185,2020-07-04,203823.09,981242.08,15.403333333333334,24.692,16.592,21.169085,58025.02,41038.043,0.0,0.0,0.0,20.870687,46.44
186,2020-07-05,188708.17,976626.02,-15.337083333333332,20.692,12.792001,17.904501,57946.49,31583.992,3.5,3.5,0.0,22.768396,49.68
187,2020-07-06,272329.86,1055874.19,14.282499999999999,18.892,9.192,14.608666,57863.543,42844.832,0.0,0.0,0.0,12.768586,31.68
188,2020-07-07,425772.93,711071.38,31.902083333333334,21.442,11.642,15.314915,57776.254,16886.543,1.9,1.9,0.0,21.96,47.519997
189,2020-07-08,546862.57,461312.47,41.21375,26.442,13.892,19.858664,57684.758,37733.38,1.5000001,1.5000001,0.0,19.734436,43.92
190,2020-07-09,555645.32,508688.78,42.42333333333333,29.592,15.892,21.621168,57589.176,50094.652,2.3999999,2.3999999,0.0,22.104116,53.639996
191,2020-07-10,493340.91000000003,697315.11,36.61875,18.142,12.492001,15.625333,57489.6,38208.4,3.7,3.7,0.0,13.797913,32.039997
192,2020-07-11,407944.27,567815.27,28.601249999999997,20.991999,9.092,15.689918,57386.0,51313.586,0.0,0.0,0.0,11.384198,27.72
193,2020-07-12,353249.7,545129.67,24.771666666666665,21.542,10.542001,16.79825,57277.45,51947.906,0.0,0.0,0.0,13.479583,32.760002
194,2020-07-13,491643.89,512347.08,34.17541666666667,22.792,10.692,17.89825,57163.93,46820.453,0.0,0.0,0.0,7.10031,20.16
195,2020-07-14,541941.63,501205.35,36.76333333333333,18.741999,13.692,15.939918,57045.668,24886.033,5.3999996,5.3999996,0.0,14.578888,43.56
196,2020-07-15,591222.39,365043.76,41.709583333333335,14.692,12.542001,13.662834,56922.883,0.0,5.0000005,5.0000005,0.0,11.119281,24.119999
197,2020-07-16,597627.02,343011.81,44.44583333333333,20.092,10.842,15.637832,56795.766,48649.73,0.6,0.6,0.0,14.494192,32.760002
198,2020-07-17,558311.62,408211.95,37.577083333333334,22.842,12.642,18.26075,56664.543,49944.67,0.0,0.0,0.0,12.768586,30.599998
199,2020-07-18,442060.13,427779.94,29.012916666666666,25.542,13.192,20.216997,56529.418,50518.29,0.5,0.5,0.0,5.815978,18.359999
200,2020-07-19,383528.74,467965.3,27.779583333333335,27.642,14.842,21.373251,56390.59,51595.812,0.0,0.0,0.0,17.811815,41.039997
201,2020-07-20,487954.33,541803.47,32.9625,24.392,15.142,20.221165,56248.266,51029.176,0.3,0.3,0.0,12.522619,32.399998
202,2020-07-21,498580.33,565694.78,31.713333333333335,24.991999,12.542001,19.123247,56102.64,51691.496,0.0,0.0,0.0,12.261158,24.48
203,2020-07-22,521689.19,507427.9,34.35166666666667,26.491999,12.342,19.710749,55953.914,51060.836,0.0,0.0,0.0,13.779114,31.319998
204,2020-07-23,527543.34,508116.88,35.691250000000004,26.741999,12.842,20.308664,55802.273,49024.773,0.0,0.0,0.0,14.154915,36.719997
205,2020-07-24,466137.62,607387.78,31.155,25.842,16.542,21.356583,55647.895,50426.332,0.0,0.0,0.0,12.496719,29.519999
206,2020-07-25,388556.12,508504.75,25.52,23.741999,16.592,19.217,55490.98,25114.229,4.4,4.4,0.0,16.055355,44.28
207,2020-07-26,314072.97,664671.48,12.606666666666667,27.142,13.142,20.629498,55331.7,48688.38,0.0,0.0,0.0,13.708391,29.88
208,2020-07-27,449357.15,569765.6,32.53208333333333,29.741999,17.192,23.456583,55170.227,48818.633,0.0,0.0,0.0,19.914217,52.199997
209,2020-07-28,341559.99,902616.38,22.965833333333332,25.241999,14.992001,20.3795,55006.73,50272.39,0.0,0.0,0.0,12.979984,30.960001
210,2020-07-29,379331.69,825294.16,20.749166666666667,28.592,11.992001,21.014917,54841.383,50072.64,0.0,0.0,0.0,9.0645685,19.08
211,2020-07-30,475553.54,582488.14,35.619166666666665,31.342,13.942,23.214914,54674.355,49880.223,0.0,0.0,0.0,9.585739,22.319998
212,2020-07-31,490789.46,519012.82,38.50875,33.492,16.342,25.754503,54505.58,49300.133,0.0,0.0,0.0,12.413476,27.72
213,2020-08-01,414283.91,610149.99,28.31041666666667,25.292,18.241999,21.902418,54333.695,21067.832,4.6,4.6,0.0,15.575981,36.0
214,2020-08-02,424730.32,416040.34,28.189999999999998,19.442,15.892,17.742,54158.62,13586.955,5.0999994,5.0999994,0.0,13.75558,31.68
215,2020-08-03,545759.24,402373.23,36.719166666666666,16.792,12.342,14.4399185,53980.574,8464.681,11.200001,11.200001,0.0,15.844089,32.039997
216,2020-08-04,553669.59,413851.37,36.393750000000004,22.991999,9.792001,16.66075,53799.766,45797.992,0.0,0.0,0.0,9.72,23.4
217,2020-08-05,465640.99,651004.26,29.605,26.442,11.842,19.773249,53616.387,48969.473,0.0,0.0,0.0,10.182337,26.28
218,2020-08-06,504268.23,560426.25,33.28,29.491999,15.642,22.908667,53430.652,48892.066,0.1,0.1,0.0,10.538843,26.64
219,2020-08-07,502857.84,506949.01,35.979166666666664,31.542,16.491999,24.325333,53242.746,48765.906,0.0,0.0,0.0,10.853866,27.72
220,2020-08-08,460983.83999999997,473659.09,32.03875,31.092,16.692,24.887833,53052.867,48591.562,0.0,0.0,0.0,9.826088,27.359999
221,2020-08-09,404533.1,513053.95,28.53375,30.442,17.692,24.429497,52861.195,48422.207,0.1,0.1,0.0,17.114204,37.44
222,2020-08-10,556193.73,574586.6,36.97875,28.741999,18.192,23.329496,52667.906,46968.812,1.1,1.1,0.0,12.24,27.72
223,2020-08-11,554190.8,690046.41,36.2975,29.991999,17.592,24.204498,52473.18,47476.008,0.3,0.3,0.0,11.726277,29.88
224,2020-08-12,535493.53,693907.75,35.864583333333336,29.792,17.042,22.629496,52277.188,33202.457,2.0,2.0,0.0,19.33639,43.92
225,2020-08-13,547951.88,539060.91,38.58583333333333,23.642,18.442,20.81075,52080.09,41194.598,3.8999996,3.8999996,0.0,13.783817,35.28
226,2020-08-14,561963.57,407207.62,40.82625,21.991999,17.592,19.392002,51882.047,24121.734,3.5000002,3.5000002,0.0,12.57426,30.960001
227,2020-08-15,464875.1,397599.73,31.860833333333332,25.542,16.642,21.1295,51683.227,46747.83,0.1,0.1,0.0,11.177405,33.839996
228,2020-08-16,401587.58,518280.51,28.684583333333332,23.392,16.692,19.594082,51483.773,21790.816,5.2999997,5.2999997,0.0,11.269782,28.8
229,2020-08-17,570483.15,442724.51,40.36333333333334,24.392,15.392,19.179499,51283.844,44477.664,2.1,2.1,0.0,13.905509,38.16
230,2020-08-18,610720.59,424265.79,42.392916666666665,24.241999,13.642,19.008665,51083.574,46413.055,0.2,0.2,0.0,10.163227,22.319998
231,2020-08-19,593123.92,446971.31,38.22833333333333,28.342,14.692,21.562834,50883.11,46012.668,0.0,0.0,0.0,12.313893,29.519999
232,2020-08-20,551789.32,554779.85,38.10666666666666,32.792,16.991999,24.625334,50682.37,46178.184,0.0,0.0,0.0,10.495713,26.28
233,2020-08-21,456217.29,704012.56,31.809166666666666,22.991999,17.692,20.454496,50479.92,22419.912,11.000001,11.000001,0.0,17.462784,36.719997
234,2020-08-22,298271.28,713873.36,23.829166666666666,21.892,14.992001,18.581583,50275.613,42100.11,0.1,0.1,0.0,20.06334,45.0
235,2020-08-23,267291.33,789012.1,16.326249999999998,20.092,11.742001,16.339914,50069.62,42081.145,0.0,0.0,0.0,15.188415,34.2
236,2020-08-24,550903.93,537666.33,44.72083333333333,24.142,10.842,17.671165,49862.098,45494.29,0.0,0.0,0.0,13.397612,31.319998
237,2020-08-25,565222.06,611151.62,38.4625,23.491999,16.792,20.002417,49653.21,45329.902,0.1,0.1,0.0,34.2303,72.36
238,2020-08-26,244506.44,1213522.2,17.89,20.642,12.992001,16.9545,49443.1,35297.598,0.0,0.0,0.0,16.808569,38.519997
239,2020-08-27,528717.25,660315.84,46.30708333333333,24.741999,11.942,17.408667,49231.926,29616.734,22.300001,22.300001,0.0,15.876775,35.64
240,2020-08-28,531265.1900000001,621133.54,40.70083333333333,17.892,14.292001,15.619082,49019.832,2806.4924,8.2,8.2,0.0,10.685391,25.199999
241,2020-08-29,437103.69,501939.36,35.64083333333333,17.392,12.542001,14.837833,48806.953,2997.2222,22.500002,22.500002,0.0,23.83896,50.399998
242,2020-08-30,423077.65,407373.07,33.819583333333334,17.392,11.642,14.194083,48593.44,15660.689,9.6,9.6,0.0,22.61419,46.8
243,2020-08-31,612235.59,422006.29,54.03666666666667,16.692,10.492001,13.777417,48379.434,14094.517,2.3999999,2.3999999,0.0,11.542478,28.44
244,2020-09-01,688086.25,400734.79,49.80916666666667,17.592,8.242001,12.833667,48165.05,41436.074,0.0,0.0,0.0,10.495713,23.759998
245,2020-09-02,685605.51,413509.27,49.82125,20.342,6.792,14.533668,47950.43,35687.34,0.3,0.3,0.0,10.661107,27.0
246,2020-09-03,593432.02,661806.57,40.535833333333336,25.342,13.442,19.658667,47735.71,42925.355,0.0,0.0,0.0,13.207634,30.960001
247,2020-09-04,536997.62,640781.29,38.32375,24.292,14.842,19.12325,47521.0,36409.035,1.6999999,1.6999999,0.0,18.129137,44.28
248,2020-09-05,428584.91000000003,581180.77,33.41416666666667,19.092,12.092,15.091999,47306.44,34323.977,0.0,0.0,0.0,12.287555,29.16
249,2020-09-06,408929.8,502940.42,34.834583333333335,19.592,10.042001,14.967002,47092.152,42741.12,0.0,0.0,0.0,9.007196,21.24
250,2020-09-07,574477.97,493094.5,43.540416666666665,22.342,8.492001,15.637832,46878.246,42658.344,0.0,0.0,0.0,7.92,21.24
251,2020-09-08,530218.4299999999,721181.75,37.598333333333336,24.092,9.492001,16.642002,46664.855,42530.062,0.0,0.0,0.0,10.446206,19.8
252,2020-09-09,565509.41,706091.3300000001,36.62916666666667,19.542,14.742001,16.935751,46451.875,12099.534,0.6,0.6,0.0,9.826088,23.4
253,2020-09-10,681169.7,494875.68,47.3375,21.592,13.542001,17.906582,46237.863,37410.61,0.5,0.5,0.0,8.427383,21.96
254,2020-09-11,671998.02,480794.93,47.814166666666665,25.741999,10.692,18.554499,46022.652,42271.953,0.0,0.0,0.0,8.534353,21.24
255,2020-09-12,392211.42,685076.89,31.871666666666666,26.292,12.092,19.28575,45806.38,42091.625,0.0,0.0,0.0,9.220499,16.919998
256,2020-09-13,355866.22,637987.15,20.18916666666667,28.142,12.242001,20.229502,45589.18,41876.406,0.0,0.0,0.0,10.446206,25.919998
257,2020-09-14,641928.85,463462.23,53.11291666666667,26.842,12.592,20.321165,45371.184,41660.035,0.0,0.0,0.0,8.913181,23.4
258,2020-09-15,677837.28,438549.45,70.19791666666667,26.792,13.992001,20.227415,45152.523,40849.305,0.1,0.1,0.0,11.183201,24.48
259,2020-09-16,645137.02,550088.49,53.41291666666666,20.442,12.492001,17.41075,44933.332,31379.865,2.6000001,2.6000001,0.0,14.336861,33.839996
260,2020-09-17,580896.2,650832.2,46.40208333333334,19.642,9.192,14.0545,44713.727,41005.246,0.0,0.0,0.0,14.408997,34.2
261,2020-09-18,544798.62,626347.7,42.12708333333333,21.491999,8.392,14.527416,44493.848,40785.504,0.0,0.0,0.0,11.966954,26.64
262,2020-09-19,436837.72,611373.92,36.537083333333335,21.592,8.542001,14.783668,44273.812,40565.23,0.0,0.0,0.0,11.966953,27.359999
263,2020-09-20,446480.74,527748.2,37.515,22.942,9.292001,15.8899145,44053.75,40344.54,0.0,0.0,0.0,8.647496,16.199999
264,2020-09-21,645837.91,409572.43,61.095416666666665,23.792,10.342,17.056581,43833.785,39909.35,0.0,0.0,0.0,8.049845,22.319998
265,2020-09-22,685108.39,377976.11,53.31333333333333,21.592,13.042001,16.227415,43614.04,20809.291,0.2,0.2,0.0,8.39657,23.4
266,2020-09-23,633764.28,499892.58999999997,46.428333333333335,20.741999,11.942,16.252417,43394.64,30263.473,0.3,0.3,0.0,18.448023,48.96
267,2020-09-24,471369.39,815662.78,38.18416666666666,14.592,7.8919997,11.456584,43175.71,0.0,12.700003,12.700003,0.0,16.981165,37.079998
268,2020-09-25,509389.05,559117.24,41.37166666666666,8.642,7.092,7.6815834,42957.38,0.0,11.099999,11.099999,0.0,25.20257,53.28
269,2020-09-26,356405.47000000003,579753.6900000001,33.130833333333335,14.342,6.3919997,9.506583,42739.77,31650.076,0.70000005,0.70000005,0.0,17.654688,36.0
270,2020-09-27,385132.85,485202.98,30.02625,12.842,3.5419998,8.796167,42523.004,26094.963,1.2,1.2,0.0,9.178235,20.16
271,2020-09-28,678550.9,360159.16000000003,47.260416666666664,16.392,6.292,11.312836,42307.223,31135.684,0.0,0.0,0.0,11.252519,26.28
272,2020-09-29,751196.93,338578.04,58.61833333333333,15.392,7.3919997,11.950333,42092.31,13256.163,0.5,0.5,0.0,6.379216,15.4800005
273,2020-09-30,757545.42,395950.19,50.252916666666664,18.692,4.542,11.012833,41876.742,34419.97,0.0,0.0,0.0,14.689589,31.319998
274,2020-10-01,651534.11,632086.03,41.01583333333333,20.542,9.242001,14.7524185,41660.33,31070.34,0.0,0.0,0.0,19.9954,43.56
275,2020-10-02,532479.12,709659.98,35.677083333333336,21.692,7.342,14.4711685,41443.207,18282.271,1.8000001,1.8000001,0.0,24.216522,53.639996
276,2020-10-03,287110.38,831734.86,16.455416666666668,14.942,7.542,10.906583,41225.52,29800.195,0.8,0.8,0.0,17.873556,40.32
277,2020-10-04,256846.58,858204.07,7.105,14.792001,8.692,11.12325,41007.41,18000.0,4.6,4.6,0.0,17.399586,38.16
278,2020-10-05,511220.95,761014.68,32.092083333333335,14.292001,9.492001,11.048249,40789.008,14400.0,8.900001,8.900001,0.0,19.228851,50.399998
279,2020-10-06,519663.41000000003,856450.04,34.45125,12.892,8.992001,10.371168,40570.465,25005.414,3.3999994,3.3999994,0.0,19.483284,42.48
280,2020-10-07,584546.49,740714.69,36.62291666666667,15.192,7.492,11.646167,40351.92,21422.906,0.1,0.1,0.0,17.10284,38.519997
281,2020-10-08,482697.07,960692.19,29.8325,17.241999,11.992001,14.183666,40133.516,4926.7812,0.90000004,0.90000004,0.0,15.463246,32.760002
282,2020-10-09,640322.99,573841.54,39.97083333333333,12.642,5.192,9.819084,39915.4,0.0,8.2,8.2,0.0,15.7908325,33.839996
283,2020-10-10,507166.57,651593.48,31.2325,10.092,2.2419999,6.1586666,39697.715,30608.992,0.2,0.2,0.0,11.503113,27.359999
284,2020-10-11,488922.83,581690.32,32.18416666666666,10.492001,2.942,6.07325,39480.625,29356.805,0.0,0.0,0.0,14.4,33.12
285,2020-10-12,843964.3099999999,365540.97,46.9025,10.392,2.5419998,6.417,39264.266,23821.525,0.6,0.6,0.0,10.799999,26.28
286,2020-10-13,839124.73,416667.27,45.23083333333333,7.092,4.992,6.417,39048.797,0.0,13.200001,13.200001,0.0,19.586117,42.48
287,2020-10-14,626916.54,834869.4,35.67208333333333,10.892,6.1419997,8.185751,38834.383,1836.1077,2.7,2.7,0.0,12.413476,25.56
288,2020-10-15,752379.3200000001,631840.68,40.935833333333335,9.392,6.3919997,8.292001,38621.18,8496.226,4.2999997,4.2999997,0.0,19.559633,41.760002
289,2020-10-16,849390.02,388099.88,46.935833333333335,8.692,3.2419999,6.6003327,38409.35,7948.623,1.4000002,1.4000002,0.0,9.885262,23.039999
290,2020-10-17,735289.97,292461.03,40.757083333333334,9.142,2.942,5.6795,38199.066,6843.5425,0.2,0.2,0.0,13.797912,30.239998
291,2020-10-18,515686.78,618189.88,30.556250000000002,10.692,3.4919999,6.794084,37990.492,24874.818,0.0,0.0,0.0,9.0,16.56
292,2020-10-19,819320.41,435715.38,44.63791666666666,10.992001,1.742,5.8815827,37783.55,31540.594,0.0,0.0,0.0,12.397806,29.519999
293,2020-10-20,664665.86,748255.7,35.22375,15.292001,5.842,10.133668,37576.53,32262.703,0.0,0.0,0.0,14.33234,32.039997
294,2020-10-21,591022.36,819781.61,32.614583333333336,18.392,9.142,12.712833,37369.24,32227.113,0.1,0.1,0.0,11.966953,24.48
295,2020-10-22,576447.37,919418.51,32.3925,16.192,10.692,13.141999,37161.832,0.0,4.0,4.0,0.0,14.654254,39.239998
296,2020-10-23,774197.71,531474.61,44.780833333333334,14.892,7.242,12.037834,36954.496,22679.07,2.6000001,2.6000001,0.0,13.009903,26.28
297,2020-10-24,348890.57,792715.01,30.5825,12.842,7.192,9.223251,36747.395,23573.926,0.0,0.0,0.0,15.716793,36.36
298,2020-10-25,313433.75,882085.18,13.3792,10.892,6.8919997,8.552417,36540.723,0.0,7.5,7.5,0.0,16.595179,34.92
299,2020-10-26,642740.9,570026.76,38.265,10.692,4.742,7.2711663,36334.652,23853.93,1.1,1.1,0.0,12.979984,31.68
300,2020-10-27,566800.76,873669.28,34.606249999999996,11.392,3.7419999,7.3628335,36129.38,7302.315,2.9999998,2.9999998,0.0,13.450708,29.16
301,2020-10-28,532089.96,915633.04,29.942083333333333,10.242001,7.742,8.794083,35925.086,10800.0,10.699999,10.699999,0.0,23.893261,51.12
302,2020-10-29,540556.89,901706.57,32.647083333333335,12.792001,8.442,11.060752,35721.973,2888.0972,6.4,6.4,0.0,21.602999,46.079998
303,2020-10-30,530627.29,845536.8,30.192083333333333,14.442,7.692,11.067,35520.246,26062.412,0.0,0.0,0.0,14.05845,28.8
304,2020-10-31,469034.61,574729.54,31.020833333333332,12.742001,6.242,9.725335,35320.11,0.0,7.1999993,7.1999993,0.0,11.304229,23.039999
305,2020-11-01,253482.17,811349.47,16.94666666666667,18.592,13.092,15.644081,35121.766,20905.56,1.0,1.0,0.0,16.75064,39.96
306,2020-11-02,381764.71,1085490.36,23.395833333333332,15.592,9.142,12.63575,34925.45,7522.0576,3.3999999,3.3999999,0.0,16.75064,33.839996
307,2020-11-03,629641.31,718839.45,35.740833333333335,9.042001,6.492,8.114917,34731.363,1389.7145,0.2,0.2,0.0,11.384199,23.039999
308,2020-11-04,770512.38,630867.22,40.01208333333333,10.092,0.342,5.1211667,34539.75,29890.766,0.0,0.0,0.0,9.531505,21.96
309,2020-11-05,780226.42,608069.48,38.65916666666667,9.892,-3.7080002,2.0128334,34350.844,29845.32,0.0,0.0,0.0,9.107359,16.56
310,2020-11-06,804124.83,422299.19,40.54083333333333,8.292,-3.408,1.9065834,34164.875,29557.55,0.0,0.0,0.0,9.983106,18.359999
311,2020-11-07,638600.29,420791.07,36.2275,4.192,-2.5080001,-0.037166744,33982.09,21599.58,0.0,0.0,0.0,8.311245,16.56
312,2020-11-08,634135.46,364812.52999999997,36.655,3.7919998,-2.358,0.40866664,33802.47,25806.666,0.0,0.0,0.0,9.360001,19.44
313,2020-11-09,904228.78,330569.11,44.88041666666667,4.692,-0.15800002,1.9024163,33624.22,2972.8506,0.0,0.0,0.0,8.891343,13.679999
314,2020-11-10,972297.0,299402.58,48.14958333333333,6.3919997,1.342,4.037833,33447.16,0.0,0.3,0.3,0.0,7.928177,14.759999
315,2020-11-11,948829.1,272648.1,45.05875,8.042,3.9919999,5.733666,33271.48,0.0,0.4,0.4,0.0,10.495713,24.84
316,2020-11-12,784667.14,564726.3,40.96083333333333,12.042001,3.442,7.106585,33097.4,28578.863,0.0,0.0,0.0,9.449572,22.68
317,2020-11-13,799453.65,544096.55,40.73,13.442,6.1419997,8.5545,32925.117,28492.686,0.1,0.1,0.0,10.931203,22.319998
318,2020-11-14,556480.19,574461.05,36.483333333333334,9.292001,3.592,5.356583,32754.855,28406.883,0.0,0.0,0.0,15.137133,31.68
319,2020-11-15,269670.91000000003,962494.64,7.30375,9.842,3.692,7.8545012,32586.844,21565.158,3.3999999,3.3999999,0.0,23.143827,47.88
320,2020-11-16,518478.07,900184.73,28.490416666666665,10.442,4.842,7.800333,32421.297,11198.538,0.0,0.0,0.0,14.345898,33.12
321,2020-11-17,658318.13,806965.25,38.88875,10.742001,1.342,5.2190833,32258.459,27849.334,0.0,0.0,0.0,9.9571085,20.880001
322,2020-11-18,623331.97,777726.82,36.355,9.592,2.642,5.769083,32098.559,6068.987,1.8,1.8,0.0,17.654688,37.44
323,2020-11-19,514802.29,979380.53,26.38625,5.742,-0.658,2.7128336,31941.846,27491.857,0.70000005,0.70000005,0.0,15.7908325,34.56
324,2020-11-20,762029.58,567027.28,43.26,2.7419999,-1.8579999,-0.4121666,31788.57,17321.65,0.0,0.0,0.0,8.647496,22.319998
325,2020-11-21,444538.51,895467.64,30.295416666666668,5.8919997,-2.408,0.87324995,31638.977,23062.889,0.0,0.0,0.0,8.287822,20.880001
326,2020-11-22,494954.0,806303.01,29.97,6.592,-1.6579999,2.492,31493.322,9811.203,0.70000005,0.70000005,0.0,13.891522,32.039997
327,2020-11-23,826516.35,670682.47,43.625416666666666,4.192,-1.458,1.3461667,31351.88,5714.1455,0.0,0.0,0.0,7.6367526,18.72
328,2020-11-24,897963.42,596925.78,42.02708333333333,1.392,-0.508,0.35033336,31214.9,770.96716,0.0,0.0,0.0,9.255571,20.880001
329,2020-11-25,971238.24,506242.46,46.87166666666667,1.192,-2.358,-0.83299994,31082.668,13180.621,0.0,0.0,0.0,8.714677,20.16
330,2020-11-26,1023931.3,382124.01,56.54749999999999,2.292,-3.4580002,-1.9663335,30955.44,25405.3,0.0,0.0,0.0,7.4128532,19.08
331,2020-11-27,1052994.95,267571.59,64.72708333333334,2.342,-3.308,-1.0684167,30833.508,6697.435,0.0,0.0,0.0,10.703569,22.319998
332,2020-11-28,857625.26,368596.84,46.88291666666667,2.692,-3.8580003,-1.0496668,30716.918,26094.426,0.0,0.0,0.0,11.928989,28.8
333,2020-11-29,789364.71,312202.16,45.27916666666667,2.292,-4.658,-2.2871666,30604.332,25964.916,0.0,0.0,0.0,10.00256,17.28
334,2020-11-30,954993.85,492758.45,52.22,1.492,-3.9580002,-1.1080002,30495.592,0.0,5.399999,0.0,3.78,11.770403,24.48
335,2020-12-01,999179.61,364161.97,53.71,-0.358,-4.758,-2.0017502,30390.852,12589.765,0.6,0.0,0.42000002,11.928989,26.64
336,2020-12-02,1058606.82,288188.59,73.98916666666666,-0.20799997,-5.058,-2.1996667,30290.254,3333.5361,0.0,0.0,0.0,13.392774,26.64
337,2020-12-03,879077.56,657653.6,48.00083333333333,4.142,-4.1080003,-0.48925003,30193.967,5321.0034,0.0,0.0,0.0,14.512064,30.599998
338,2020-12-04,771579.44,769938.5,41.77875,3.342,-0.058,1.1794999,30102.13,6981.916,2.6,2.0,0.42,14.973577,31.68
339,2020-12-05,840866.08,433766.7,46.39333333333334,5.242,-0.007999986,1.5836664,30014.896,0.0,0.70000005,0.70000005,0.0,8.654986,21.96
340,2020-12-06,799832.16,420394.22,42.7475,2.892,-1.808,1.1336666,29932.426,9734.328,0.3,0.2,0.07,10.787993,23.759998
341,2020-12-07,923582.49,551787.57,44.73166666666666,4.442,-2.4580002,0.63991666,29854.87,19491.016,1.1,1.1,0.0,12.594856,24.119999
342,2020-12-08,1034166.46,356132.63,61.078333333333326,3.642,0.842,2.144083,29782.37,0.0,5.1,3.9,0.84000003,8.714677,18.359999
343,2020-12-09,1082702.93,293284.57,75.02666666666667,2.142,0.69200003,1.28575,29715.09,0.0,0.5,0.19999999,0.21000001,5.8048253,12.959999
344,2020-12-10,1047522.1,266030.2,69.38875,1.792,-1.6079999,0.46699998,29653.168,720.37787,0.0,0.0,0.0,14.512064,29.88
345,2020-12-11,882588.04,597430.1,45.79791666666667,2.142,-1.258,0.57533336,29596.76,8314.855,0.6,0.3,0.21000001,11.681987,24.84
346,2020-12-12,789177.3200000001,411442.97000000003,45.71958333333333,6.1419997,1.392,3.675333,29546.002,993.6374,0.2,0.2,0.0,8.287822,22.68
347,2020-12-13,712972.31,343319.0,43.17333333333334,4.942,0.642,3.0649168,29501.049,7372.337,0.0,0.0,0.0,15.509274,34.92
348,2020-12-14,718727.34,728523.93,42.99458333333333,4.292,0.14199999,1.7919999,29462.03,18160.037,0.1,0.1,0.0,13.089354,26.28
349,2020-12-15,872167.68,507358.01,50.403333333333336,5.442,1.042,2.7086666,29429.08,11609.015,2.6000001,2.6000001,0.0,9.19939,18.0
350,2020-12-16,859738.01,471425.03,50.05583333333333,3.092,0.69200003,2.2753332,29402.342,3600.0,0.0,0.0,0.0,11.841756,26.64
351,2020-12-17,696841.72,742518.53,44.58291666666667,4.342,-1.058,1.4295,29381.941,20947.285,0.0,0.0,0.0,10.685391,20.519999
352,2020-12-18,634818.57,707461.23,42.510416666666664,2.2419999,-0.55799997,0.6399166,29367.959,1523.946,0.0,0.0,0.0,12.229406,25.919998
353,2020-12-19,451565.68,779819.3,32.517916666666665,1.092,-1.3579999,-0.45800003,29360.193,12524.365,0.0,0.0,0.0,13.004922,27.0
354,2020-12-20,490295.58,592250.6,40.00416666666667,2.7419999,-1.258,0.70033336,29358.545,11686.199,2.5,2.5,0.0,14.707222,29.16
355,2020-12-21,495819.65,744534.42,38.78375,11.592,2.292,9.081583,29362.947,0.0,6.099999,6.099999,0.0,22.59699,46.44
356,2020-12-22,418108.57,907084.4,27.689999999999998,11.642,10.292001,10.91075,29373.346,0.0,12.099999,12.099999,0.0,19.008547,48.96
357,2020-12-23,566819.91,477157.77,43.89541666666667,9.892,3.092,6.577416,29389.674,7625.906,5.799999,5.799999,0.0,24.503809,53.28
358,2020-12-24,304714.34,737914.36,24.328333333333333,2.942,-2.658,0.9274166,29411.855,6002.927,4.2,2.4,1.2600001,16.923828,35.64
359,2020-12-25,345452.86,455079.52,34.92458333333334,1.092,-3.7080002,-1.3559169,29439.826,8995.749,0.0,0.0,0.0,12.849528,27.0
360,2020-12-26,273227.07,760273.42,19.15041666666667,-0.6079999,-4.908,-2.9559171,29473.496,21665.027,0.0,0.0,0.0,18.057508,39.239998
361,2020-12-27,236977.55000000002,1093977.66,-13.452916666666667,2.642,-2.608,-0.7038333,29512.797,3633.482,2.5,0.0,1.7500001,12.287555,24.119999
362,2020-12-28,489787.27,508653.1,39.21208333333333,3.892,-2.9580002,0.6920001,29557.63,4816.872,0.5,0.3,0.14,20.808498,45.0
363,2020-12-29,517868.4,516557.94,46.20875,4.242,-2.358,-0.11216665,29607.918,24451.531,0.3,0.0,0.21000001,10.182337,22.68
364,2020-12-30,507665.22,676095.31,47.065416666666664,2.5419998,-1.058,0.36491665,29663.562,24172.682,0.0,0.0,0.0,14.24163,32.399998
365,2020-12-31,538268.24,524895.54,46.701249999999995,2.7919998,-2.108,0.26491666,29724.486,16410.072,0.0,0.0,0.0,8.707237,18.0
366,2021-01-01,578739.64,270135.36,48.39833333333333,1.492,-1.6579999,-0.36633334,29790.572,5257.6284,0.1,0.0,0.07,12.181624,27.0
367,2021-01-02,629542.48,273180.95,50.5625,0.642,-1.3579999,-0.07466665,29861.74,0.0,5.3999987,0.0,3.7799995,10.00256,20.519999
368,2021-01-03,508962.52,602683.87,38.622499999999995,1.742,-1.9580001,0.15866673,29937.875,5377.9727,0.0,0.0,0.0,9.422101,18.359999
369,2021-01-04,777989.43,560387.66,48.01791666666667,3.2419999,0.492,1.5878335,30018.893,5372.547,1.4,1.2000002,0.14,12.984975,26.28
370,2021-01-05,857317.57,540394.91,55.33708333333333,1.342,-0.258,0.46908328,30104.682,0.0,2.3999996,0.0,1.6800003,9.885262,20.16
371,2021-01-06,881666.67,402928.67,52.68291666666667,1.042,-3.358,-0.61425,30195.14,7856.275,0.5,0.0,0.35,13.084402,29.88
372,2021-01-07,952509.76,324995.45,70.92708333333333,1.442,-2.7580001,-0.24341665,30290.34,1503.293,1.9000002,0.0,1.33,18.792551,39.96
373,2021-01-08,969993.79,305079.13,78.33624999999999,0.592,-3.358,-1.1496667,30391.336,23393.008,0.3,0.0,0.21000001,10.182337,24.84
374,2021-01-09,895084.84,253117.8,59.31875,0.992,-4.458,-2.4246664,30498.125,24981.807,0.1,0.0,0.07,8.64,17.28
375,2021-01-10,757221.16,436079.55,52.16458333333333,-2.658,-7.258,-5.3267493,30610.447,14924.529,0.0,0.0,0.0,10.594036,21.599998
376,2021-01-11,721098.91,831845.37,48.1525,1.592,-6.058,-0.5246667,30728.053,0.0,10.6,0.3,7.2099996,25.509243,55.44
377,2021-01-12,686958.35,888508.5599999999,46.10041666666667,1.142,-1.258,-0.48924994,30850.68,11826.221,0.2,0.0,0.14,25.210283,52.56
378,2021-01-13,638610.04,1011889.39,42.47208333333334,0.342,-5.8580003,-1.6288333,30978.08,100.068054,0.4,0.0,0.28,25.721743,61.56
379,2021-01-14,867095.88,522425.85,70.57708333333333,-0.45799997,-6.658,-3.2371671,31110.014,18322.182,0.2,0.0,0.21000001,11.792404,26.28
380,2021-01-15,970259.11,363197.3,72.89125,-3.158,-6.158,-3.958,31246.223,5252.6504,0.9000001,0.0,0.63,12.224107,26.64
381,2021-01-16,855153.82,359199.97,55.845416666666665,-2.358,-6.758,-4.0684175,31386.473,579.3853,0.0,0.0,0.0,7.5170207,12.959999
382,2021-01-17,801754.86,316773.75,53.99875,1.692,-5.458,0.22325008,31530.521,8716.49,3.3999996,0.1,2.31,18.359999,38.88
383,2021-01-18,828443.16,691282.45,55.95375000000001,3.442,-0.95799994,1.4336666,31678.137,8463.279,7.4,1.2,4.3399997,21.129885,45.0
384,2021-01-19,681153.24,965784.84,44.95416666666667,7.1419997,-0.758,1.9086667,31829.086,25770.521,0.0,0.0,0.0,13.722565,28.8
385,2021-01-20,528229.23,1079755.74,36.28208333333333,8.642,-1.758,1.9607497,31983.14,26724.787,0.4,0.4,0.0,17.902534,38.16
386,2021-01-21,459952.13,1135195.55,30.074583333333333,9.342,1.042,4.1336665,32140.08,15898.942,0.1,0.1,0.0,16.516901,34.2
387,2021-01-22,642201.5800000001,856577.91,42.52916666666667,3.2919998,-1.9079999,1.0399166,32299.688,3648.9858,13.6,4.3999996,6.4399996,21.30093,45.0
388,2021-01-23,727617.12,438155.19,51.72083333333333,1.142,-1.758,-0.116333306,32461.75,4749.0376,9.300001,0.0,6.51,27.288855,56.88
389,2021-01-24,731627.13,375500.93,49.1675,-1.158,-9.207999,-4.422583,32626.055,3971.2253,1.1,0.0,0.84,9.227524,27.0
390,2021-01-25,949015.92,342172.9,60.83708333333333,1.142,-7.308,-1.4038339,32792.402,5701.1177,5.4999995,0.0,3.92,29.5551,69.84
391,2021-01-26,908822.21,537464.71,61.37375,1.492,-3.758,-0.78716666,32960.598,19168.59,1.0000001,0.0,0.7,12.287555,25.199999
392,2021-01-27,905468.19,529512.76,57.99125,4.8919997,0.14199999,2.1940832,33130.71,0.0,21.8,20.0,1.2600001,12.758432,40.32
393,2021-01-28,875438.03,468162.79,55.307500000000005,7.3919997,2.592,5.356583,33304.492,0.0,11.499999,11.499999,0.0,29.88217,66.6
394,2021-01-29,680623.69,767508.9,49.684583333333336,5.542,-1.3579999,2.281583,33482.062,0.0,5.8999996,2.8,2.17,27.887802,58.32
395,2021-01-30,648515.5700000001,424920.89,48.47708333333333,1.592,-2.658,-1.0704999,33663.14,18781.182,1.3000001,0.0,0.91,12.413476,25.199999
396,2021-01-31,614986.49,413923.67,48.23416666666666,1.8920001,-1.6579999,-0.1684167,33847.477,0.0,3.3999999,1.0,1.6800001,11.792404,27.72
397,2021-02-01,835500.6799999999,454898.61,57.47333333333333,7.942,1.542,4.7711663,34034.8,1198.1371,6.2000003,6.2000003,0.0,17.935081,36.36
398,2021-02-02,839538.6,436435.24,54.61833333333333,9.492001,7.042,8.341999,34224.867,0.0,12.200001,12.200001,0.0,27.532352,73.439995
399,2021-02-03,658230.8,765283.39,44.52625,8.642,0.89199996,5.9253325,34417.434,28029.293,0.2,0.2,0.0,33.371433,69.84
400,2021-02-04,748389.57,613486.41,52.04125,5.3919997,0.742,3.3482494,34612.254,2281.8489,3.2999995,3.2999995,0.0,8.209263,23.039999
401,2021-02-05,716038.4,615385.88,51.38666666666666,5.292,1.092,3.2294998,34809.1,4121.4653,4.7999997,4.7999997,0.0,15.725037,32.760002
402,2021-02-06,412921.87,900471.4,36.38166666666667,2.7919998,-3.058,0.039916713,35007.75,10320.364,9.0,2.1,4.83,16.954432,34.56
403,2021-02-07,386703.17,966844.35,19.377083333333335,-0.508,-5.908,-2.8080003,35207.973,13421.688,3.6000001,0.0,2.52,9.422101,21.24
404,2021-02-08,746383.28,723386.73,43.51833333333334,-1.9580001,-8.257999,-5.5205,35409.555,17818.98,0.5,0.0,0.35,11.525623,27.0
405,2021-02-09,930707.46,453720.68,64.32166666666667,-5.158,-9.558,-6.9309163,35612.285,98.99563,1.4000001,0.0,0.97999996,15.158522,32.399998
406,2021-02-10,951237.0,423732.63,72.20791666666666,-3.908,-15.207999,-8.478833,35815.96,27793.523,0.1,0.0,0.07,12.475961,28.8
407,2021-02-11,950123.36,348190.62,79.29708333333333,-3.6080003,-16.858,-9.597584,36020.383,32009.135,0.0,0.0,0.0,14.494192,33.839996
408,2021-02-12,896989.3,526745.13,62.134166666666665,-3.558,-14.757999,-8.632999,36225.35,30517.195,0.0,0.0,0.0,16.24394,37.8
409,2021-02-13,804161.17,457408.68,53.21625,0.842,-12.007999,-6.4892488,36430.67,32283.693,0.0,0.0,0.0,12.181624,16.56
410,2021-02-14,635797.33,628330.66,45.88916666666666,-0.55799997,-15.007999,-6.4163322,36636.164,21684.521,3.4,0.0,2.38,13.493999,29.16
411,2021-02-15,753689.98,785001.75,50.74583333333334,5.6419997,-0.308,1.9169999,36841.64,1787.7633,0.70000005,0.0,0.48999998,11.165805,23.4
412,2021-02-16,758638.96,607026.97,52.43375,7.8919997,0.09200001,4.292,37047.207,14400.0,1.4000001,1.4000001,0.0,19.45333,40.68
413,2021-02-17,603959.13,845466.49,49.665,9.592,-0.908,3.8295002,37254.664,29987.637,0.0,0.0,0.0,14.168641,31.68
414,2021-02-18,567996.14,841043.45,45.400416666666665,9.942,0.242,5.4586663,37464.19,32400.0,1.1,1.1,0.0,14.404499,28.8
415,2021-02-19,574852.15,772865.06,47.71208333333333,13.192,0.992,5.4899178,37675.61,32650.053,0.0,0.0,0.0,12.904882,28.8
416,2021-02-20,332665.23,796195.15,34.04708333333333,11.092,-0.8579999,4.1128335,37888.72,33187.258,0.0,0.0,0.0,10.661107,25.199999
417,2021-02-21,347819.02,685999.63,32.9225,10.642,-1.008,3.3711665,38103.336,29189.217,0.0,0.0,0.0,9.531505,22.68
418,2021-02-22,584929.75,626909.24,49.90375,14.442,-1.558,4.9836664,38319.27,32271.914,0.0,0.0,0.0,10.464797,18.359999
419,2021-02-23,515019.34,700779.74,45.58416666666667,14.042001,-0.55799997,5.3003335,38536.348,34315.918,0.0,0.0,0.0,11.27553,20.519999
420,2021-02-24,431319.05,826791.44,38.13291666666667,16.692,0.292,6.6440835,38754.395,34650.188,0.0,0.0,0.0,11.043261,21.599998
421,2021-02-25,510354.71,706283.91,46.163333333333334,14.842,1.192,6.9982505,38973.242,31848.816,0.0,0.0,0.0,16.65754,36.0
422,2021-02-26,551577.94,587478.94,47.63083333333333,5.942,-0.058,2.6815834,39192.715,34476.895,0.0,0.0,0.0,11.770403,26.64
423,2021-02-27,501173.89,467997.44,44.93541666666667,9.842,-3.7080002,2.4649167,39412.652,35609.42,0.0,0.0,0.0,10.787993,20.519999
424,2021-02-28,468395.23,457909.85,42.07208333333333,11.342,-1.508,3.7169998,39632.89,35839.29,0.0,0.0,0.0,11.384199,26.28
425,2021-03-01,698951.41,405858.2,49.76499999999999,12.692,-2.358,4.150334,39853.27,36068.848,0.0,0.0,0.0,8.891344,17.28
426,2021-03-02,764527.21,441121.56,53.49916666666667,12.842,-2.408,4.0107503,40073.633,34329.85,0.0,0.0,0.0,9.387651,17.28
427,2021-03-03,796923.73,441933.51,51.911249999999995,13.242001,1.592,7.3003345,40293.82,33854.754,1.3,1.3,0.0,15.941944,39.239998
428,2021-03-04,760583.13,493091.05,54.07541666666666,5.8919997,-3.2080002,2.0086668,40513.684,27604.33,6.6999993,4.3999996,1.61,17.072504,38.16
429,2021-03-05,735478.15,476531.51,53.60333333333333,5.042,-4.758,-0.095499955,40733.066,36980.93,0.0,0.0,0.0,7.4128532,19.44
430,2021-03-06,581971.08,613956.18,44.706250000000004,7.1419997,-5.408,0.03366669,40951.824,37206.637,0.0,0.0,0.0,11.659777,21.96
431,2021-03-07,549876.19,668817.83,44.82458333333333,4.542,-4.008,-0.11425016,41169.793,26305.947,0.0,0.0,0.0,10.931203,27.359999
432,2021-03-08,830118.3300000001,409033.17,61.60666666666666,3.942,-2.908,0.5732499,41387.086,8087.2163,0.1,0.0,0.07,8.089993,16.56
433,2021-03-09,895633.43,381041.16,60.91583333333333,5.692,-0.508,2.3378334,41605.34,26740.293,1.6000001,0.8000001,0.56,14.982228,33.48
434,2021-03-10,704396.8,616879.96,50.82208333333333,11.492001,0.89199996,6.1440835,41824.773,3165.8179,2.6999998,2.6999998,0.0,28.1169,58.32
435,2021-03-11,315140.97,1230725.48,27.430833333333336,8.242001,3.2419999,5.281583,42045.234,36416.91,2.2,2.2,0.0,31.205997,64.799995
436,2021-03-12,279503.89,1256753.54,22.28625,10.342,3.692,5.9774175,42266.586,4889.4795,4.2999997,4.2999997,0.0,33.626774,75.96
437,2021-03-13,244058.05,1226037.3800000001,11.9275,5.942,0.342,3.0482504,42488.695,25682.234,2.6,2.6,0.0,21.629978,52.199997
438,2021-03-14,251797.06,989112.5700000001,15.753333333333332,5.042,1.092,2.67325,42711.41,7069.824,3.3999999,2.7999997,0.42,18.861387,42.12
439,2021-03-15,454940.27999999997,894398.64,49.27625,5.3919997,-0.20799997,2.4795,42934.605,30815.281,0.6,0.5,0.07,23.78453,49.68
440,2021-03-16,639232.4,674604.69,56.01125,4.8919997,-2.108,1.1857501,43158.137,38548.1,1.2000002,0.2,0.7,13.039754,30.599998
441,2021-03-17,732846.96,426808.94,57.645,5.3919997,-2.408,1.1982499,43381.87,35816.027,1.3000001,0.5,0.56,10.440001,25.56
442,2021-03-18,798833.4,366962.67,64.8575,4.292,-2.7580001,0.74408346,43605.676,33796.047,1.8000003,0.4,0.97999996,16.62249,36.719997
443,2021-03-19,659655.22,553027.62,56.45166666666666,0.69200003,-4.808,-1.6996669,43829.414,24996.492,0.0,0.0,0.0,14.332341,31.319998
444,2021-03-20,558276.89,601538.72,51.34375,4.042,-2.908,1.2899166,44052.95,1750.5704,1.2000002,0.6,0.42000002,20.892412,42.48
445,2021-03-21,422288.28,892101.58,35.41791666666666,5.492,-1.6579999,2.2690833,44276.14,19634.951,0.0,0.0,0.0,16.055355,36.0
446,2021-03-22,730920.89,513660.22,60.47708333333333,6.292,0.14199999,3.2774165,44498.863,5694.542,0.0,0.0,0.0,12.72283,29.519999
447,2021-03-23,834980.76,409087.78,62.33416666666667,12.292001,0.09200001,5.6940837,44720.97,40223.594,0.0,0.0,0.0,9.449572,19.44
448,2021-03-24,723966.13,576162.5,55.54,15.792001,-0.45799997,7.1836677,44942.324,37305.17,0.0,0.0,0.0,10.163227,19.08
449,2021-03-25,772960.11,477620.19,58.852916666666665,15.642,2.942,9.087834,45162.79,40254.895,0.0,0.0,0.0,12.218805,29.519999
450,2021-03-26,522992.42,747003.45,51.37083333333334,9.992001,4.442,7.335749,45382.22,28800.0,3.1999998,3.1999998,0.0,28.082308,61.56
451,2021-03-27,289441.62,1023331.65,24.694583333333338,13.342,2.7419999,7.2899165,45600.477,35152.89,0.1,0.1,0.0,19.110542,42.48
452,2021-03-28,270741.69,912751.91,18.251739130434782,17.692,3.842,10.394083,45817.64,41612.355,0.0,0.0,0.0,13.339445,31.68
453,2021-03-29,377092.63,949969.22,40.805416666666666,20.342,4.492,12.43575,46035.254,41839.8,0.0,0.0,0.0,8.759178,13.32
454,2021-03-30,529091.4,619849.27,55.725833333333334,21.192,4.492,13.052418,46253.516,41861.625,0.0,0.0,0.0,9.1641035,19.08
455,2021-03-31,583016.27,461584.09,58.721666666666664,21.241999,7.6419997,13.869083,46472.297,42096.547,0.0,0.0,0.0,16.704155,38.519997
456,2021-04-01,478121.28,661539.56,52.28875,9.342,3.892,6.9774165,46691.48,24273.76,0.0,0.0,0.0,14.182355,32.399998
457,2021-04-02,303902.09,769504.87,36.49875,8.192,1.942,4.942,46910.92,30797.537,0.0,0.0,0.0,20.037485,43.199997
458,2021-04-03,255546.9,676256.33,39.560833333333335,11.342,0.09200001,5.369084,47130.504,42825.34,0.0,0.0,0.0,11.966954,26.64
459,2021-04-04,248567.94,674203.86,27.690416666666668,9.642,-2.2580001,3.9753332,47350.09,12174.754,4.3,3.1,0.84,30.602118,69.12
460,2021-04-05,227435.87,1056971.92,-16.996666666666666,3.942,-3.4580002,-0.32050002,47569.54,28495.812,3.4,0.0,2.3799999,25.86494,59.399998
461,2021-04-06,379574.83,975465.99,35.37833333333333,3.592,-1.808,0.37741673,47788.73,27843.375,2.9,0.1,2.03,26.302181,59.039997
462,2021-04-07,477552.16,967352.05,50.32333333333333,4.442,-1.308,1.4211668,48007.52,23647.45,0.4,0.0,0.28,24.014996,50.399998
463,2021-04-08,539377.37,865367.18,57.58041666666667,13.642,-2.2080002,5.827417,48225.766,34638.676,0.0,0.0,0.0,15.141414,33.48
464,2021-04-09,505072.04,843312.28,53.92125000000001,14.642,1.8920001,8.939918,48443.32,25280.955,0.8,0.8,0.0,16.676977,41.760002
465,2021-04-10,560194.14,455111.74,58.805416666666666,18.592,4.742,11.564916,48660.047,38941.69,0.0,0.0,0.0,14.021525,32.039997
466,2021-04-11,411372.54,740481.09,48.687916666666666,8.742001,-0.007999986,3.5795,48875.793,0.0,5.9,4.0000005,1.33,18.678415,39.239998
467,2021-04-12,724427.05,588869.68,62.72333333333333,7.292,-0.45799997,3.0878336,49090.406,37171.03,0.8,0.3,0.35000002,14.372974,35.28
468,2021-04-13,694662.26,703540.35,57.51624999999999,6.742,-2.108,2.2711666,49303.727,45133.21,0.3,0.1,0.14,11.792404,30.599998
469,2021-04-14,765932.33,521463.27999999997,69.49333333333333,7.6419997,-2.858,2.26075,49515.594,40086.977,0.0,0.0,0.0,16.62249,38.16
470,2021-04-15,774536.0,532952.53,66.97500000000001,5.742,-0.95799994,2.7836666,49725.855,14083.67,0.0,0.0,0.0,12.245294,27.359999
471,2021-04-16,731242.57,543732.01,63.04458333333333,6.692,1.142,3.850333,49934.332,9455.12,0.1,0.1,0.0,10.440001,27.0
472,2021-04-17,624000.85,475558.58,61.19583333333333,10.092,2.4919999,6.481583,50141.086,40599.62,1.1000001,1.1000001,0.0,6.12,17.28
473,2021-04-18,642712.51,357019.49,62.62875,10.992001,1.8920001,6.7232494,50347.61,31547.814,3.3,3.3,0.0,7.6367526,25.56
474,2021-04-19,754138.76,382499.2,75.6675,14.392,3.7419999,8.881583,50554.09,43909.605,0.6,0.6,0.0,10.105681,26.28
475,2021-04-20,756632.12,442317.84,75.7675,15.392,2.292,8.777417,50760.39,45740.85,1.5,1.5,0.0,12.287555,36.0
476,2021-04-21,598882.4,687555.09,59.875416666666666,11.542001,3.0419998,7.219082,50966.355,42531.453,0.4,0.4,0.0,17.414474,39.96
477,2021-04-22,462890.07,878609.59,45.90208333333334,13.742001,-0.6079999,6.9940834,51171.848,46874.805,0.0,0.0,0.0,11.681987,28.44
478,2021-04-23,488396.46,719426.1799999999,61.73458333333334,15.592,-0.6079999,8.214917,51376.715,44964.027,0.0,0.0,0.0,15.175612,29.88
479,2021-04-24,377357.37,633863.74,52.910833333333336,14.142,1.8920001,7.7544994,51580.8,47356.203,0.0,0.0,0.0,17.25373,37.079998
480,2021-04-25,326923.25,614615.69,37.477916666666665,12.992001,1.042,7.0607495,51783.953,47479.69,0.0,0.0,0.0,15.459054,31.68
481,2021-04-26,559487.6,565042.13,61.92333333333334,14.542001,1.142,8.28575,51985.996,46251.676,0.0,0.0,0.0,14.84318,38.16
482,2021-04-27,574081.25,718163.73,59.51333333333333,18.491999,3.142,11.12325,52186.773,46259.78,0.0,0.0,0.0,10.799999,21.96
483,2021-04-28,592784.21,661919.8,61.71958333333333,16.491999,7.492,11.256584,52386.11,21062.81,1.6000001,1.6000001,0.0,18.448023,41.760002
484,2021-04-29,599883.89,686309.95,59.44083333333333,15.742001,3.142,9.094085,52583.832,31895.262,2.6000001,2.6000001,0.0,18.782204,43.56
485,2021-04-30,682170.05,433552.49,69.14541666666666,13.092,7.042,9.377418,52779.746,9205.553,16.0,16.0,0.0,16.65754,33.839996
486,2021-05-01,422244.02,390435.65,56.685,10.292001,4.142,7.471167,52973.68,20361.064,18.400002,18.400002,0.0,22.226902,46.8
487,2021-05-02,352629.57,617686.35,43.809583333333336,11.842,1.6420001,6.775333,53165.438,44975.44,0.2,0.2,0.0,18.511143,41.760002
488,2021-05-03,437367.55,723250.74,62.42583333333334,16.342,3.642,9.606584,53354.824,26857.283,1.8000002,1.8000002,0.0,35.16962,73.079994
489,2021-05-04,271491.54,1220977.21,30.259583333333335,11.392,4.592,7.1649165,53541.625,33893.016,5.3,5.3,0.0,28.528723,71.28
490,2021-05-05,313499.87,1139062.55,31.80666666666667,9.692,3.2419999,6.887833,53725.656,14449.82,6.4,6.4,0.0,22.565422,47.88
491,2021-05-06,517095.8,679588.87,64.96583333333334,10.242001,2.692,6.8253345,53906.684,32400.0,2.7,2.7,0.0,25.922499,62.279995
492,2021-05-07,492779.0,710634.36,71.29833333333333,14.442,-0.058,8.250334,54084.723,43893.05,0.0,0.0,0.0,12.144331,29.88
493,2021-05-08,304000.21,716682.82,50.73875,24.392,6.292,15.200332,54261.164,49741.758,0.0,0.0,0.0,16.394829,37.8
494,2021-05-09,205970.78,922702.1,3.62375,26.991999,10.042001,18.306583,54436.152,49695.74,0.0,0.0,0.0,13.441071,29.519999
495,2021-05-10,361753.86,765150.16,57.45583333333334,22.392,11.892,16.154497,54609.535,32755.879,2.7,2.7,0.0,20.721119,42.839996
496,2021-05-11,528052.75,481993.73,72.17166666666667,12.042001,9.792001,11.181584,54781.14,0.0,21.400002,21.400002,0.0,18.278645,38.519997
497,2021-05-12,510780.33,462944.23,68.74541666666667,11.942,8.992001,10.085752,54950.8,112.73861,9.300001,9.300001,0.0,17.57744,38.16
498,2021-05-13,319552.85,449158.45,62.73541666666667,15.742001,8.292,11.510753,55118.348,46800.0,3.6000001,3.6000001,0.0,17.015474,38.88
499,2021-05-14,342522.42,513715.14,71.80166666666666,15.192,7.092,10.587834,55283.594,32266.9,6.8,6.8,0.0,17.298738,40.68
500,2021-05-15,304283.36,540002.63,60.201249999999995,14.742001,7.292,10.696167,55446.367,42867.242,3.2,3.2,0.0,16.299694,45.719997
501,2021-05-16,273903.1,572611.29,39.869166666666665,14.342,8.392,10.758668,55606.47,32773.11,2.2999997,2.2999997,0.0,24.216522,56.519997
502,2021-05-17,389527.56,577362.58,73.70375,13.792001,7.8919997,10.314918,55763.72,33891.754,5.2,5.2,0.0,20.5484,43.56
503,2021-05-18,438004.03,540305.22,74.17875,15.142,6.342,10.2045,55917.918,47665.64,2.1999998,2.1999998,0.0,18.0,43.56
504,2021-05-19,466063.97,511240.01,77.71249999999999,14.892,6.942,10.329501,56068.875,50508.434,3.4,3.4,0.0,17.447933,39.96
505,2021-05-20,435116.13,564997.32,69.98958333333333,15.242001,7.3919997,11.304501,56216.37,14876.355,2.3000002,2.3000002,0.0,22.932877,49.32
506,2021-05-21,231510.29,998566.15,31.33875,15.892,7.992,11.577415,56360.22,41511.926,1.6000001,1.6000001,0.0,22.26477,58.679996
507,2021-05-22,189386.15,1076837.53,-7.039166666666667,14.192,6.442,10.583668,56500.19,32845.664,3.1,3.1,0.0,19.562946,47.16
508,2021-05-23,206704.87,800382.25,21.145,19.692,5.742,12.4732485,56636.09,32347.203,2.8000002,2.8000002,0.0,15.815435,38.16
509,2021-05-24,225299.37,805956.83,31.645416666666666,12.492001,7.842,10.264918,56767.69,45007.746,2.7000003,2.7000003,0.0,31.355152,74.520004
510,2021-05-25,341940.56,861816.19,59.78041666666667,11.642,7.042,9.4545,56894.77,2333.8584,5.6,5.6,0.0,21.734581,47.16
511,2021-05-26,402511.88,862797.12,65.60583333333334,13.942,6.692,10.235751,57017.117,40059.07,1.2,1.2,0.0,22.505037,48.239998
512,2021-05-27,487503.39,783399.17,71.7675,13.792001,7.192,10.837834,57134.664,32314.78,0.70000005,0.70000005,0.0,10.383987,27.0
513,2021-05-28,526725.32,557275.3099999999,73.60208333333334,16.142,5.8919997,11.392001,57248.383,51411.277,0.2,0.2,0.0,12.904882,29.88
514,2021-05-29,370299.42,558362.89,56.48791666666667,16.792,6.6419997,11.531585,57358.383,51844.75,0.0,0.0,0.0,16.516901,39.239998
515,2021-05-30,279534.17,599492.1900000001,37.84791666666667,18.042,5.742,12.221168,57464.53,49874.53,0.0,0.0,0.0,13.679999,33.12
516,2021-05-31,425797.25,585132.82,67.45708333333333,21.342,6.092,14.404499,57566.723,46120.28,0.0,0.0,0.0,10.630672,24.119999
517,2021-06-01,422066.12,603606.04,68.25375,23.542,8.792001,16.641996,57664.812,46761.395,0.0,0.0,0.0,9.826088,27.72
518,2021-06-02,384204.66,731746.52,66.68541666666667,25.342,11.142,18.800333,57758.7,51912.09,0.0,0.0,0.0,9.114471,22.319998
519,2021-06-03,380760.26,691412.13,61.96375,24.642,13.242001,19.550333,57848.242,46528.613,0.2,0.2,0.0,9.085988,24.84
520,2021-06-04,446535.77,485631.53,71.79666666666667,23.741999,13.842,18.508669,57933.312,42204.414,5.1,5.1,0.0,13.896187,30.599998
521,2021-06-05,391870.52,485811.38,62.5575,21.392,15.392,17.598248,58013.82,33537.246,8.3,8.3,0.0,10.948973,27.359999
522,2021-06-06,370473.08,435003.57,59.4375,23.142,14.642,18.504501,58089.605,50336.016,0.8,0.8,0.0,10.739832,24.119999
523,2021-06-07,539338.05,449954.24,77.33791666666666,24.542,15.392,18.912832,58160.57,36405.742,0.3,0.3,0.0,10.630672,25.199999
524,2021-06-08,581255.9400000001,471465.43,76.92041666666667,22.442,14.592,18.114916,58226.59,49099.016,12.6,12.6,0.0,10.390226,36.719997
525,2021-06-09,569481.48,471536.97,76.73583333333333,22.942,11.842,17.350334,58287.547,43998.86,2.4,2.4,0.0,9.19939,30.960001
526,2021-06-10,563196.88,494270.37,78.83333333333333,24.042,10.592,18.585749,58343.32,51831.055,0.1,0.1,0.0,11.720751,27.72
527,2021-06-11,516624.58999999997,572549.15,78.09541666666667,23.942,15.292001,19.687834,58393.797,46833.887,0.4,0.4,0.0,23.83896,51.12
528,2021-06-12,282537.68,839827.36,39.17583333333334,19.991999,11.692,15.781583,58438.875,52920.664,0.0,0.0,0.0,16.831684,36.36
529,2021-06-13,241312.83000000002,755318.79,19.40125,23.142,8.692,16.504501,58478.438,53167.86,0.0,0.0,0.0,8.435069,23.039999
530,2021-06-14,438312.01,645539.45,74.2225,26.642,10.892,19.82533,58512.387,53002.73,0.0,0.0,0.0,11.966953,23.039999
531,2021-06-15,563425.6900000001,530594.95,82.60625,28.491999,16.042,22.362833,58540.61,52998.54,0.0,0.0,0.0,11.5199995,25.919998
532,2021-06-16,592497.49,585280.53,85.00375,30.241999,16.542,23.700335,58563.04,53146.887,0.0,0.0,0.0,9.6932955,25.919998
533,2021-06-17,545911.03,720593.59,77.51208333333334,30.491999,17.241999,24.639917,58579.83,53037.73,0.0,0.0,0.0,9.422101,20.16
534,2021-06-18,573213.55,624359.36,80.11958333333332,31.042,18.542,25.594084,58591.035,52243.945,0.1,0.1,0.0,7.8625183,21.24
535,2021-06-19,445006.33,618421.9299999999,70.0975,29.342,19.491999,23.862833,58596.688,43286.35,0.2,0.2,0.0,13.138765,28.08
536,2021-06-20,341247.07,680229.36,58.432500000000005,26.592,17.292,22.502417,58596.832,52074.965,0.0,0.0,0.0,12.261158,31.68
537,2021-06-21,522100.26,710744.64,77.63250000000001,24.292,16.192,20.085749,58591.504,50395.723,7.5,7.5,0.0,15.281989,35.28
538,2021-06-22,598027.55,536123.29,84.58916666666667,22.942,16.042,19.37325,58580.75,42624.96,8.099999,8.099999,0.0,12.768586,30.960001
539,2021-06-23,639051.49,440597.87,92.84458333333333,21.042,16.042,18.304499,58564.613,38056.29,16.1,16.1,0.0,11.212135,33.12
540,2021-06-24,630277.03,389050.19,94.82708333333333,19.491999,14.542001,16.687834,58543.15,18484.334,9.3,9.3,0.0,13.70839,30.599998
541,2021-06-25,605584.96,413785.4,89.72625,23.042,12.492001,18.292,58516.418,51157.188,0.3,0.3,0.0,8.161764,19.44
542,2021-06-26,457088.88,462468.63,79.875,24.442,14.342,19.860746,58484.477,52082.76,0.4,0.4,0.0,10.966713,26.28
543,2021-06-27,369738.87,525299.47,64.96166666666666,28.292,15.842,22.533667,58447.383,50805.04,0.0,0.0,0.0,10.805998,20.880001
544,2021-06-28,575590.8,541418.34,88.73,24.892,13.992001,19.79825,58405.203,40448.73,14.700002,14.700002,0.0,24.442911,55.8
545,2021-06-29,596525.03,547428.33,91.6475,19.491999,13.042001,16.062834,58358.016,35363.32,1.3000002,1.3000002,0.0,17.643673,39.6
546,2021-06-30,579433.1,529862.58,92.37625000000001,17.342,12.592,14.414914,58305.863,10412.295,3.3,3.3,0.0,21.566975,46.44
547,2021-07-01,544385.33,564553.06,89.39,17.491999,11.192,14.317001,58248.86,3413.849,9.0,9.0,0.0,14.587776,30.960001
548,2021-07-02,553402.48,508806.48,96.58375000000001,22.942,9.492001,17.292,58187.04,51190.707,0.1,0.1,0.0,11.165805,27.359999
549,2021-07-03,466834.05,485312.22,83.60416666666667,22.442,15.392,18.510748,58120.496,37012.945,4.8,4.8,0.0,11.609651,29.519999
550,2021-07-04,452074.68,434724.63,82.96375,21.491999,15.192,17.700335,58049.32,34271.402,0.4,0.4,0.0,13.363711,38.16
551,2021-07-05,540805.89,480834.09,93.84500000000001,27.942,13.842,20.150331,57973.58,44786.758,17.900002,17.900002,0.0,17.81909,41.399998
552,2021-07-06,440371.63,787777.51,80.67583333333333,20.842,14.792001,17.717001,57893.23,10979.8125,9.300002,9.300002,0.0,11.457958,35.64
553,2021-07-07,532264.0,522551.04,99.10583333333334,22.342,16.042,18.212831,57807.53,15226.817,24.4,24.4,0.0,9.957108,29.519999
554,2021-07-08,582880.87,372561.96,109.04208333333334,19.942,12.492001,16.11075,57716.484,27937.742,17.9,17.9,0.0,23.042812,47.519997
555,2021-07-09,537120.93,472809.8,91.42333333333333,23.092,11.842,18.017,57620.305,50800.395,0.0,0.0,0.0,9.290511,23.039999
556,2021-07-10,428050.08,541982.26,80.44958333333334,18.542,13.892,16.402414,57519.17,15658.641,5.6,5.6,0.0,14.84318,32.399998
557,2021-07-11,416048.5,451958.38,77.74,24.542,11.992001,18.516998,57413.277,51351.23,0.0,0.0,0.0,10.990322,25.199999
558,2021-07-12,515489.43,526951.92,93.45125,26.892,15.192,19.73158,57302.824,33858.04,14.099999,14.099999,0.0,19.602652,39.239998
559,2021-07-13,555462.56,431316.32,95.015,19.991999,13.442,16.483667,57188.004,30494.121,8.800001,8.800001,0.0,10.703569,27.0
560,2021-07-14,526826.33,500378.51,87.38916666666667,19.741999,13.592,16.71075,57068.996,43295.668,2.1999998,2.1999998,0.0,13.905509,33.12
561,2021-07-15,473185.56,545021.41,89.73583333333333,24.642,12.942,19.098251,56946.0,51693.08,0.6,0.6,0.0,11.659777,24.119999
562,2021-07-16,453615.29,566505.15,84.96458333333334,22.741999,17.292,19.76492,56819.203,18260.842,1.5000002,1.5000002,0.0,21.611998,50.399998
563,2021-07-17,283432.88,649297.68,61.69,25.241999,15.942,20.487831,56688.777,52072.52,0.0,0.0,0.0,18.844202,39.239998
564,2021-07-18,232159.36,676634.66,45.781666666666666,22.942,14.792001,18.78575,56554.914,51548.957,1.5,1.5,0.0,16.179987,38.88
565,2021-07-19,414898.77,543477.97,89.20958333333334,21.241999,12.042001,17.121164,56417.797,51040.438,0.0,0.0,0.0,11.659777,28.44
566,2021-07-20,459007.12,498653.93,91.69375000000001,23.741999,11.442,17.866999,56277.6,51805.793,0.0,0.0,0.0,9.449572,18.0
567,2021-07-21,473717.47,478889.37,89.98541666666667,25.342,12.492001,19.22325,56134.496,51300.434,0.0,0.0,0.0,11.841756,22.68
568,2021-07-22,490572.18,465684.49,87.56166666666667,25.292,12.492001,19.608665,55988.65,51079.305,0.3,0.3,0.0,7.9932976,18.0
569,2021-07-23,487833.45,471387.3,88.80083333333333,27.792,14.292001,20.998247,55840.23,35508.027,0.1,0.1,0.0,10.805999,26.64
570,2021-07-24,358901.7,567390.61,75.76375,24.491999,14.742001,19.096167,55689.406,27016.453,6.5,6.5,0.0,12.261157,29.16
571,2021-07-25,333553.82,555086.46,60.706250000000004,23.692,14.092,19.104498,55536.344,34217.41,0.2,0.2,0.0,8.707238,22.319998
572,2021-07-26,503114.44,468529.61,88.50291666666668,24.741999,14.292001,20.296165,55380.977,47950.297,1.1,1.1,0.0,10.739832,31.319998
573,2021-07-27,504938.91,548538.39,87.22375,21.542,16.092,18.789917,55222.035,35039.844,4.1,4.1,0.0,16.039202,32.039997
574,2021-07-28,406980.76,680216.07,79.42208333333333,23.741999,14.592,19.07325,55059.434,50082.277,0.0,0.0,0.0,21.175835,47.16
575,2021-07-29,243892.37,1019741.0599999999,46.09708333333333,26.592,11.342,19.79617,54893.402,49471.16,3.4,3.4,0.0,16.75064,38.88
576,2021-07-30,305021.37,780013.22,64.80583333333333,22.942,16.242,19.373247,54724.168,49506.17,2.3,2.3,0.0,18.161278,42.839996
577,2021-07-31,207636.83000000002,917286.73,29.822916666666668,17.991999,14.092,15.617,54551.938,10040.066,19.499998,19.499998,0.0,14.007655,32.039997
578,2021-08-01,265429.46,539144.79,58.53541666666666,20.392,12.392,15.912835,54376.92,48591.574,4.5,4.5,0.0,17.377226,37.079998
579,2021-08-02,379900.99,637855.04,80.09708333333333,20.241999,10.142,15.819081,54199.332,47367.633,5.1,5.1,0.0,12.24,30.960001
580,2021-08-03,501256.24,417240.97,96.51041666666667,19.842,13.592,16.477417,54019.367,32947.57,2.0000002,2.0000002,0.0,9.885262,24.84
581,2021-08-04,520822.23,395753.03,98.16916666666667,20.542,13.342,16.406584,53837.22,28400.875,7.2,7.2,0.0,9.422101,24.119999
582,2021-08-05,492830.92,460002.07,94.50958333333334,20.192,13.292001,16.756582,53653.074,45202.523,1.0,1.0,0.0,20.008356,45.36
583,2021-08-06,355590.6,662153.42,71.5975,22.741999,11.992001,16.852415,53467.13,24277.846,11.0,11.0,0.0,13.441071,29.88
584,2021-08-07,295881.0,590549.59,61.51499999999999,21.142,11.992001,16.523249,53279.55,47362.28,1.3000001,1.3000001,0.0,17.22742,37.44
585,2021-08-08,200479.41,836747.36,5.630833333333334,22.542,9.892,16.708664,53090.527,47636.39,0.1,0.1,0.0,12.24,30.239998
586,2021-08-09,323895.11,749515.61,67.58916666666667,23.692,11.692,17.987833,52900.223,46824.824,0.3,0.3,0.0,15.876775,43.56
587,2021-08-10,440350.68,573228.13,90.76791666666666,23.892,13.842,18.656582,52708.81,42306.406,0.0,0.0,0.0,9.904906,29.519999
588,2021-08-11,472186.49,485614.11,100.76208333333334,26.692,13.242001,20.141998,52516.445,48106.684,0.0,0.0,0.0,8.311245,17.64
589,2021-08-12,482554.24,490425.55,106.5425,27.542,15.542001,21.864914,52323.285,47574.59,0.3,0.3,0.0,10.105681,33.48
590,2021-08-13,456112.17,626720.51,94.90458333333333,27.892,16.642,22.564917,52129.492,47574.797,0.1,0.1,0.0,9.779817,23.759998
591,2021-08-14,319884.53,729170.28,63.36875,29.192,16.892,23.212831,51935.207,47224.85,0.0,0.0,0.0,11.5199995,29.88
592,2021-08-15,324170.43,584448.3,61.944583333333334,23.342,14.342,19.34825,51740.355,36733.86,1.1,1.1,0.0,22.728518,54.0
593,2021-08-16,354658.05,899803.65,67.60041666666667,15.842,9.842,13.150333,51543.508,16595.521,2.7999997,2.7999997,0.0,22.104116,48.6
594,2021-08-17,317135.06,1022351.75,57.39208333333334,18.342,11.792001,14.762834,51344.53,32502.652,0.5,0.5,0.0,19.602652,45.0
595,2021-08-18,380600.02,831776.59,78.64333333333333,20.042,13.942,16.958664,51143.6,36027.223,0.4,0.4,0.0,16.595179,37.44
596,2021-08-19,487931.11,618508.03,91.62333333333333,21.241999,14.742001,17.758667,50940.89,45425.844,0.90000004,0.90000004,0.0,13.358861,30.239998
597,2021-08-20,535595.02,438252.31,102.18,24.792,11.392,18.621166,50736.562,46126.84,0.0,0.0,0.0,8.766573,18.359999
598,2021-08-21,442644.76,438912.94,91.46291666666667,21.392,14.492001,17.471167,50530.797,14455.935,10.400002,10.400002,0.0,16.73516,37.44
599,2021-08-22,382306.56,515595.55,78.05458333333333,15.992001,13.192,14.727417,50323.746,10771.878,8.3,8.3,0.0,18.03237,36.719997
600,2021-08-23,495177.11,590658.02,93.87916666666666,19.042,11.342,14.729499,50115.56,33475.324,1.5000001,1.5000001,0.0,18.58451,44.639996
601,2021-08-24,516210.43,551874.84,95.39958333333334,20.842,9.192,15.252418,49906.395,45516.777,0.0,0.0,0.0,10.483357,27.0
602,2021-08-25,442658.46,744727.41,84.30958333333334,18.491999,12.442,14.514918,49696.406,29285.945,6.7000003,6.7000003,0.0,15.876775,37.8
603,2021-08-26,463373.45,704457.69,92.615,15.842,9.992001,12.656582,49485.727,41583.598,4.6000004,4.6000004,0.0,20.858265,45.0
604,2021-08-27,465964.03,681117.3200000001,95.90750000000001,16.792,9.692,12.539917,49274.51,42743.76,3.5000002,3.5000002,0.0,14.8257065,32.399998
605,2021-08-28,370352.8,573269.49,84.71958333333333,16.442,10.242001,12.617002,49062.89,19036.258,2.6999998,2.6999998,0.0,9.0645685,19.8
606,2021-08-29,390595.12,522910.05,80.74249999999999,18.192,11.742001,14.341999,48851.004,36000.0,9.199999,9.199999,0.0,9.686609,28.08
607,2021-08-30,514225.23,567313.06,106.57499999999999,17.892,12.042001,14.506581,48638.977,30630.588,1.9000002,1.9000002,0.0,17.906157,40.32
608,2021-08-31,554779.36,574259.82,110.05416666666667,19.142,9.192,14.671166,48426.95,42945.973,0.0,0.0,0.0,10.446206,26.64
609,2021-09-01,601036.56,490939.05,111.85916666666667,21.592,8.942,15.57325,48215.043,43961.348,0.0,0.0,0.0,12.371645,28.44
610,2021-09-02,602408.53,480602.9,118.19458333333334,22.842,10.192,16.72325,48003.39,43740.297,0.0,0.0,0.0,8.707238,17.28
611,2021-09-03,564996.26,552126.54,110.52541666666667,23.392,9.792001,16.869083,47792.11,43437.69,0.0,0.0,0.0,6.489992,16.199999
612,2021-09-04,512561.24,451905.07,106.87583333333333,22.392,11.642,17.023249,47581.105,43078.215,0.0,0.0,0.0,9.511088,18.0
613,2021-09-05,443755.26,513018.01,97.62916666666666,23.542,11.542001,17.519081,47368.95,42838.562,0.0,0.0,0.0,7.491114,15.84
614,2021-09-06,628012.92,427612.54,127.82375,22.292,11.642,17.025331,47155.473,36611.22,0.1,0.1,0.0,9.028754,16.56
615,2021-09-07,661133.31,397226.78,127.9825,23.892,10.942,17.458666,46940.816,42679.863,0.0,0.0,0.0,11.119281,27.72
616,2021-09-08,651156.94,513287.11,124.77916666666668,25.642,10.992001,18.114914,46725.12,42548.85,0.1,0.1,0.0,11.435313,28.8
617,2021-09-09,669127.5,507079.76,130.23333333333332,24.792,14.442,19.11075,46508.52,42463.688,1.5000001,1.5000001,0.0,7.9932966,22.319998
618,2021-09-10,709054.43,426300.42,138.28625,19.842,14.042001,17.02533,46291.152,32132.543,2.8999999,2.8999999,0.0,11.384199,27.0
619,2021-09-11,617272.37,447323.8,129.01791666666665,21.491999,13.492001,16.971165,46073.14,33614.594,0.5,0.5,0.0,9.255571,24.84
620,2021-09-12,520881.14,509785.05,105.22250000000001,21.991999,10.342,16.283667,45854.62,42138.953,0.0,0.0,0.0,8.714677,21.96
621,2021-09-13,700951.11,422074.09,141.31916666666666,24.842,12.442,18.214916,45635.715,40373.754,0.0,0.0,0.0,9.585739,25.199999
622,2021-09-14,688501.85,460509.64,143.23833333333334,20.942,14.942,17.802416,45416.55,9186.377,2.0,2.0,0.0,8.669949,28.08
623,2021-09-15,690575.36,455187.24,168.21166666666667,18.442,14.342,16.906582,45197.258,5464.5435,4.3,4.3,0.0,12.496718,29.16
624,2021-09-16,696350.16,602804.73,158.94291666666666,17.892,11.592,14.273251,44977.953,36718.246,0.0,0.0,0.0,13.089354,32.399998
625,2021-09-17,695314.66,443891.35,156.95916666666668,18.692,10.842,14.381583,44758.758,35821.598,0.0,0.0,0.0,15.021105,33.839996
626,2021-09-18,608209.5,419384.69,133.76291666666665,16.542,9.342,12.396169,44539.805,23278.535,0.2,0.2,0.0,12.413477,30.239998
627,2021-09-19,534226.02,486927.88,94.10333333333334,13.892,7.6419997,10.960751,44321.203,34817.465,0.0,0.0,0.0,9.360001,21.96
628,2021-09-20,694396.65,332416.97,150.69875,13.942,8.242001,11.127416,44103.082,27174.527,0.0,0.0,0.0,8.049845,19.8
629,2021-09-21,688521.9,462649.94,149.89208333333332,15.992001,7.442,11.523252,43885.562,10238.027,0.0,0.0,0.0,16.311613,36.0
630,2021-09-22,681361.55,518530.94,145.97666666666666,20.692,5.442,13.683666,43668.758,39785.652,0.0,0.0,0.0,19.813087,40.68
631,2021-09-23,442902.07,960012.27,73.15958333333333,18.942,11.942,15.087832,43452.8,26336.44,0.0,0.0,0.0,19.211996,42.48
632,2021-09-24,518671.31,767159.76,108.98083333333334,22.792,9.292001,15.783666,43237.586,39452.953,0.0,0.0,0.0,8.587338,20.519999
633,2021-09-25,573805.2,470159.44,127.58749999999999,23.192,11.542001,17.094084,43021.613,35898.92,5.2,5.2,0.0,9.021574,23.039999
634,2021-09-26,559784.6,418784.13,125.71750000000002,19.842,14.642,16.577415,42804.7,23981.535,14.500002,14.500002,0.0,10.495713,24.48
635,2021-09-27,674387.1,511106.82,143.21833333333333,16.991999,11.992001,14.387833,42586.984,14537.097,0.4,0.4,0.0,12.979984,29.519999
636,2021-09-28,713512.13,413855.2,155.08625,17.592,11.542001,13.881581,42368.598,24293.736,3.9,3.9,0.0,18.416384,45.0
637,2021-09-29,594714.24,710167.78,133.31375,13.892,6.192,10.09825,42149.68,35684.31,0.0,0.0,0.0,14.404499,29.88
638,2021-09-30,493430.47000000003,940402.24,112.57083333333333,16.942,5.042,10.644085,41930.363,36865.6,0.0,0.0,0.0,10.966713,28.08
639,2021-10-01,470514.85,903949.52,100.32666666666667,19.392,8.442,13.646167,41710.785,36288.562,0.0,0.0,0.0,15.042659,33.839996
640,2021-10-02,418813.54,695875.77,104.05583333333334,21.241999,10.292001,15.437833,41491.082,36112.055,0.0,0.0,0.0,16.746773,37.44
641,2021-10-03,264423.01,953910.39,40.962916666666665,14.892,11.342,13.362832,41271.39,13186.431,0.70000005,0.70000005,0.0,13.783817,30.599998
642,2021-10-04,583001.25,558048.42,158.12083333333334,15.092,11.492001,13.042,41051.848,8932.469,10.300002,10.300002,0.0,12.4811535,27.0
643,2021-10-05,581234.44,578204.48,159.72875,12.592,6.242,10.298251,40832.59,17853.045,0.0,0.0,0.0,14.917212,33.12
644,2021-10-06,580710.24,614483.9400000001,184.12375,14.192,5.592,9.825334,40613.76,21600.0,0.0,0.0,0.0,10.853866,24.119999
645,2021-10-07,751063.22,321927.32,302.52625,15.342,8.492001,11.408666,40395.504,17423.229,0.1,0.1,0.0,16.42247,35.28
646,2021-10-08,707925.64,439551.31,203.89291666666668,13.792001,4.342,8.494084,40177.957,36014.77,0.0,0.0,0.0,13.70839,30.599998
647,2021-10-09,520703.01,588740.7,139.49166666666667,12.542001,1.992,7.0378327,39961.273,36007.33,0.0,0.0,0.0,10.233123,20.880001
648,2021-10-10,541778.32,468433.57,144.33666666666667,12.692,-0.40800002,6.5107503,39745.594,31303.35,0.2,0.2,0.0,13.779114,31.319998
649,2021-10-11,659740.89,617321.92,167.84083333333334,10.892,6.692,8.206582,39531.08,14400.0,8.6,8.6,0.0,19.443333,44.28
650,2021-10-12,708373.44,615225.49,167.43166666666667,9.442,2.292,5.442,39317.875,27785.17,0.0,0.0,0.0,15.124284,33.12
651,2021-10-13,771800.79,496381.47,188.24291666666667,9.192,4.592,7.0065837,39106.145,0.0,2.8999996,2.8999996,0.0,17.698677,36.36
652,2021-10-14,692697.08,656306.34,167.80916666666667,14.692,4.742,9.425334,38895.785,28466.285,0.0,0.0,0.0,15.226764,34.92
653,2021-10-15,559300.2,825201.45,116.65166666666666,12.442,2.2419999,7.379501,38685.14,34832.453,0.0,0.0,0.0,9.0,15.4800005
654,2021-10-16,625377.75,479156.26,156.77666666666667,11.242001,0.592,6.4461665,38474.023,28723.23,0.0,0.0,0.0,6.9527545,16.919998
655,2021-10-17,609423.81,444564.72,142.15583333333333,13.392,4.8919997,8.704499,38262.58,32824.867,0.0,0.0,0.0,11.304229,26.28
656,2021-10-18,693773.79,491873.31,189.72166666666666,11.692,4.342,8.462834,38050.98,5550.8047,1.8000002,1.8000002,0.0,11.212135,23.039999
657,2021-10-19,624717.5700000001,718823.69,153.455,19.292,7.742,12.919083,37839.387,32620.703,0.5,0.5,0.0,15.94601,34.92
658,2021-10-20,351162.97,1130061.46,60.11041666666667,13.992001,7.792,11.81075,37627.97,31051.791,10.400001,10.400001,0.0,43.6551,98.27999
659,2021-10-21,350752.62,1147969.92,61.50333333333333,9.692,2.9919999,6.5586667,37416.887,33490.375,0.0,0.0,0.0,25.922499,54.0
660,2021-10-22,381436.56,1105150.11,71.87416666666667,9.592,2.592,6.550333,37206.324,26271.365,0.0,0.0,0.0,18.057508,36.719997
661,2021-10-23,527671.73,636548.3200000001,139.37708333333333,11.792001,0.192,4.9545007,36996.457,33041.973,0.0,0.0,0.0,10.495713,24.48
662,2021-10-24,438894.65,669431.38,99.41125,9.392,-1.158,3.206583,36787.46,26869.533,0.0,0.0,0.0,10.195057,20.16
663,2021-10-25,649124.78,606525.1,173.64958333333334,12.092,0.342,6.3086677,36579.527,10697.826,0.2,0.2,0.0,13.084402,27.72
664,2021-10-26,649994.9,633456.89,178.015,12.292001,3.692,6.7690835,36372.848,18262.957,0.0,0.0,0.0,9.931042,18.359999
665,2021-10-27,597607.85,731128.78,143.83666666666667,9.642,1.192,5.064917,36167.613,24276.408,0.0,0.0,0.0,11.119281,24.84
666,2021-10-28,643100.23,640152.95,153.53958333333333,10.092,1.092,4.819083,35964.016,25902.438,0.0,0.0,0.0,8.373386,19.44
667,2021-10-29,552781.9,747377.8099999999,112.97333333333334,11.642,0.492,6.4878335,35762.273,26871.28,0.3,0.3,0.0,9.931042,25.56
668,2021-10-30,438450.55,721826.48,84.15333333333334,16.892,5.692,9.369084,35562.582,28573.51,0.0,0.0,0.0,10.00256,21.24
669,2021-10-31,337922.06,783523.69,61.446400000000004,11.992001,4.592,7.59825,35365.164,4023.9287,6.0999994,6.0999994,0.0,14.182355,30.239998
670,2021-11-01,422788.44,706358.85,95.48625,10.142,2.4919999,6.7815833,35170.242,27084.463,3.5000002,3.5000002,0.0,14.291592,31.319998
671,2021-11-02,750511.01,385899.95,204.10875,9.892,1.492,5.433666,34978.03,18375.191,2.3,2.3,0.0,10.086427,22.319998
672,2021-11-03,840168.86,306591.31,193.13791666666668,6.3919997,4.692,5.692,34788.49,0.0,18.100004,18.100004,0.0,22.73707,44.639996
673,2021-11-04,771411.01,540218.28,172.11083333333332,6.992,1.8920001,4.89825,34599.824,0.0,1.3000001,1.3000001,0.0,15.315873,30.960001
674,2021-11-05,721864.95,626482.67,160.08833333333334,8.342,-1.1079999,2.6461668,34411.844,12315.109,0.0,0.0,0.0,9.178235,21.24
675,2021-11-06,477283.52,835617.1,76.75666666666667,6.3919997,-0.6079999,3.9753332,34224.734,10800.0,0.90000004,0.90000004,0.0,17.026896,33.48
676,2021-11-07,357965.67,1007395.99,35.4075,7.942,4.392,5.7336674,34038.703,7282.3306,0.2,0.2,0.0,14.685176,29.519999
677,2021-11-08,760429.67,524113.74,177.41333333333333,9.492001,-1.058,4.0086665,33853.96,29056.85,0.0,0.0,0.0,12.641076,27.359999
678,2021-11-09,824389.6,588490.92,163.13625,7.792,-1.758,2.6649168,33670.715,28800.0,0.0,0.0,0.0,8.287822,17.64
679,2021-11-10,861909.14,416100.9,176.25958333333332,6.492,-1.7080001,1.8295001,33489.176,25692.795,0.0,0.0,0.0,5.1919937,13.32
680,2021-11-11,901649.29,317714.42,190.42666666666665,4.8919997,-0.758,2.2524168,33309.574,13842.367,0.0,0.0,0.0,9.178235,21.96
681,2021-11-12,854205.0800000001,455156.94,166.89625,5.6419997,1.8920001,3.425333,33132.137,272.8102,3.4,3.4,0.0,9.360001,19.8
682,2021-11-13,765347.12,364947.23,156.8975,9.242001,2.692,5.7794995,32957.094,18000.0,0.0,0.0,0.0,15.0038395,30.960001
683,2021-11-14,740532.28,336086.4,169.29541666666668,8.542001,3.2419999,5.0586667,32784.684,28423.266,0.0,0.0,0.0,15.124284,31.319998
684,2021-11-15,872993.86,332828.72,227.95791666666665,7.3919997,2.892,4.737833,32615.154,8639.989,0.0,0.0,0.0,9.085988,19.08
685,2021-11-16,916559.22,215261.03,237.465,5.542,2.892,4.4919996,32448.748,0.0,0.1,0.1,0.0,15.158522,32.039997
686,2021-11-17,826545.4,566290.44,180.59916666666666,7.1419997,3.2419999,5.150334,32285.729,2558.4966,0.1,0.1,0.0,14.154915,31.68
687,2021-11-18,657111.98,884960.46,139.90375,7.192,2.892,5.773249,32126.352,0.0,0.0,0.0,0.0,13.397612,27.359999
688,2021-11-19,620657.92,879422.3,131.63375,8.342,1.692,6.1357493,31970.885,4670.932,0.1,0.1,0.0,10.587917,20.519999
689,2021-11-20,603373.08,689894.73,110.21749999999999,4.8919997,0.792,3.2545002,31819.6,0.0,0.2,0.2,0.0,12.015589,26.64
690,2021-11-21,662808.02,529282.17,144.83541666666667,5.542,-1.208,3.4815834,31672.768,147.80937,1.7000002,1.7000002,0.0,13.797913,27.72
691,2021-11-22,804776.1,493917.42,233.16625,4.492,-3.658,-0.4371669,31530.68,27025.31,0.0,0.0,0.0,9.449572,17.28
692,2021-11-23,826964.45,526183.29,241.87041666666667,6.092,-3.408,0.30866668,31393.354,19042.611,0.0,0.0,0.0,9.779817,22.319998
693,2021-11-24,938908.96,407778.99,273.885,1.142,-3.408,-0.6830001,31259.275,4571.402,0.0,0.0,0.0,7.491114,15.4800005
694,2021-11-25,911967.69,482062.58999999997,243.34625000000003,1.542,-0.55799997,0.41491666,31128.271,0.0,1.0,0.0,0.7,11.367109,23.039999
695,2021-11-26,848195.2,603597.22,188.37541666666667,3.7419999,-1.808,0.80866665,31000.52,10800.0,2.1000001,0.6,1.05,14.241629,28.44
696,2021-11-27,829834.26,450156.61,202.8970833333333,1.542,-2.5080001,-0.7413333,30876.207,0.0,1.6,0.0,1.1200001,7.5685663,14.759999
697,2021-11-28,802679.66,337051.4,201.16583333333332,2.042,-2.558,-0.55383325,30755.516,7603.7964,0.5,0.0,0.35000002,18.919704,39.239998
698,2021-11-29,895293.77,425055.02,265.96166666666664,2.7919998,0.041999996,1.1649165,30638.627,0.0,13.0,2.2,7.56,38.202427,80.64
699,2021-11-30,608050.08,1037968.56,123.83916666666666,7.192,2.9919999,5.2107496,30525.736,0.0,5.0999994,4.8999996,0.14,28.202042,56.16
700,2021-12-01,522405.31,1147627.67,91.00416666666666,5.342,-0.10800001,2.5607498,30417.03,452.14905,4.4,4.4,0.0,22.427162,45.719997
701,2021-12-02,755551.83,696220.59,195.04083333333332,1.142,-2.2080002,-0.7038333,30312.701,6912.8545,0.1,0.0,0.07,16.179987,33.48
702,2021-12-03,623737.68,957852.49,149.97125,4.942,-1.258,1.0503334,30212.947,0.0,11.6,6.2,3.7799997,21.746504,43.199997
703,2021-12-04,698207.57,469595.66,196.26375,3.342,-2.308,1.4794998,30117.957,1836.3008,0.3,0.1,0.14,18.584509,43.56
704,2021-12-05,686061.85,511957.79,157.71125,2.592,-2.4580002,-0.41841665,30027.922,16448.906,0.3,0.3,0.0,8.225035,21.24
705,2021-12-06,865795.7,479868.04,265.3925,2.192,-2.608,-0.17675,29943.049,733.97327,2.2,0.8000001,0.97999996,18.59845,42.12
706,2021-12-07,840881.72,688168.29,216.18541666666667,0.442,-1.758,-0.45799997,29863.521,0.0,4.5,0.0,3.1499999,13.608762,27.0
707,2021-12-08,766550.66,746575.5700000001,184.05999999999997,1.692,-1.158,0.19825001,29789.535,0.0,3.7999997,0.6,2.2400002,14.24163,30.239998
708,2021-12-09,945971.73,408935.89,277.88375,2.442,-1.3579999,0.36491665,29721.285,24793.836,1.3,0.0,0.90999997,14.264361,28.44
709,2021-12-10,892272.77,377735.52,239.78041666666664,1.792,-1.8579999,0.42741668,29658.969,0.0,1.2,0.2,0.7,13.513193,28.08
710,2021-12-11,795788.87,366524.33999999997,237.34833333333333,3.342,-0.15800002,2.044083,29602.76,0.0,0.9000001,0.70000005,0.14,14.494192,30.599998
711,2021-12-12,625372.83,630725.23,183.12125,5.292,2.442,3.8857498,29552.86,0.0,0.0,0.0,0.0,10.495713,21.96
712,2021-12-13,813903.01,481026.87,264.66249999999997,5.192,3.692,4.3045,29509.342,0.0,0.3,0.3,0.0,11.885453,25.56
713,2021-12-14,847353.59,436990.83,295.8179166666667,5.742,3.692,4.464916,29471.666,0.0,0.0,0.0,0.0,6.379216,14.4
714,2021-12-15,789138.0,583768.53,295.2004166666666,5.742,3.942,4.81075,29439.709,0.0,0.1,0.1,0.0,10.483357,21.96
715,2021-12-16,836705.51,403599.7,344.3029166666667,5.3919997,0.642,3.3690832,29413.477,8868.241,0.0,0.0,0.0,11.246759,24.48
716,2021-12-17,844942.23,360469.71,338.14,3.892,2.292,2.9899166,29392.977,0.0,0.0,0.0,0.0,9.422101,19.44
717,2021-12-18,702388.13,501907.18,259.5133333333333,3.642,1.6420001,2.6794999,29378.203,0.0,0.0,0.0,0.0,19.839235,40.32
718,2021-12-19,555835.03,786989.06,119.67333333333333,3.4919999,-3.408,0.6107501,29369.164,24529.686,0.2,0.2,0.0,17.026896,33.839996
719,2021-12-20,886551.92,393528.62,331.3704166666667,0.89199996,-5.658,-3.0684173,29365.83,23643.293,0.0,0.0,0.0,7.5685663,12.599999
720,2021-12-21,970422.15,288705.49,431.97499999999997,-0.308,-7.9080005,-4.5517507,29368.217,24489.916,0.0,0.0,0.0,9.339208,19.8
721,2021-12-22,927239.73,389185.54,416.7225,4.792,-5.558,-1.8705,29376.285,1510.1342,1.0,1.0,0.0,21.67487,43.92
722,2021-12-23,780512.04,588256.65,300.72583333333336,6.992,4.792,5.731584,29390.027,0.0,2.6,2.6,0.0,21.9718,43.92
723,2021-12-24,577701.37,680527.27,196.20875,5.442,-2.058,1.1795002,29409.408,0.0,9.8,4.7,3.5700002,12.324414,25.56
724,2021-12-25,603112.02,387975.15,198.29250000000002,0.89199996,-2.2080002,-0.9267501,29434.416,0.0,0.2,0.0,0.14,11.183201,22.68
725,2021-12-26,618520.53,533869.57,172.45666666666668,2.4919999,-1.058,0.11075006,29465.016,13405.992,1.7000002,1.7000002,0.0,13.854155,28.08
726,2021-12-27,624032.4,605567.76,148.82791666666665,6.1419997,-0.45799997,2.2149165,29501.168,616.36707,10.899999,10.899999,0.0,18.228943,42.12
727,2021-12-28,563687.22,712576.87,104.22583333333334,6.992,5.1419997,6.4044995,29542.838,0.0,10.599999,10.599999,0.0,28.001427,56.16
728,2021-12-29,642527.97,530311.77,155.60333333333332,12.692,6.242,10.608668,29589.975,0.0,1.8000001,1.8000001,0.0,20.780453,41.039997
729,2021-12-30,330402.91,988727.16,73.26208333333334,13.492001,8.042,10.194084,29642.553,8722.313,0.1,0.1,0.0,18.888851,37.8
730,2021-12-31,242807.24,1023819.39,12.127916666666666,11.092,4.242,8.552417,29700.512,4831.04,0.3,0.3,0.0,16.263872,33.839996
731,2022-01-01,291858.8,731352.59,82.57833333333333,10.642,2.642,6.252417,29763.803,5094.301,0.0,0.0,0.0,21.749481,43.56
732,2022-01-02,244974.06,970698.18,47.35375,10.292001,7.092,8.266999,29832.498,14072.131,3.2,3.2,0.0,30.602118,64.439995
733,2022-01-03,422236.93,1068035.46,76.10708333333334,11.092,3.9919999,7.9003334,29907.367,0.0,24.5,24.5,0.0,27.595823,56.16
734,2022-01-04,733612.36,650769.25,153.91666666666666,4.392,0.592,2.2378333,29988.36,11823.249,3.7999995,3.6999996,0.07,24.29133,52.199997
735,2022-01-05,599993.56,1040960.8,107.86833333333334,2.9919999,-0.658,1.1649166,30075.266,14878.84,0.5,0.1,0.35,20.00512,40.68
736,2022-01-06,742600.97,611004.7,194.0975,1.6420001,-3.108,-0.8350833,30167.863,12273.137,0.1,0.0,0.07,14.182355,29.88
737,2022-01-07,728749.43,836546.98,167.18083333333334,1.592,-3.658,-0.45799994,30265.924,6431.2705,3.6999998,0.0,2.5900002,26.867676,53.28
738,2022-01-08,668061.45,772341.91,165.8975,2.7919998,-1.3579999,0.4649167,30369.225,8306.894,7.4999995,1.7,4.06,24.648829,50.399998
739,2022-01-09,615418.41,744676.39,146.55916666666667,3.2419999,-1.308,1.2649168,30477.557,0.0,0.2,0.2,0.0,11.503113,24.48
740,2022-01-10,927861.37,286516.66,261.54833333333335,3.0419998,-3.0080001,0.5045,30590.695,14709.146,0.0,0.0,0.0,10.799999,21.96
741,2022-01-11,937874.93,387715.82,255.41,0.041999996,-5.008,-2.2663333,30708.414,14864.393,0.0,0.0,0.0,7.386582,15.84
742,2022-01-12,940109.63,408041.77999999997,233.31541666666666,2.142,-2.858,-0.98091674,30830.504,21772.605,0.0,0.0,0.0,9.028754,19.8
743,2022-01-13,837446.64,748987.99,180.15625,4.492,-3.6080003,-0.49549985,30956.754,26316.06,0.0,0.0,0.0,10.594036,25.199999
744,2022-01-14,864646.99,677972.77,178.76208333333332,2.2419999,-0.70799994,0.41908333,31086.941,0.0,0.0,0.0,0.0,5.95906,14.759999
745,2022-01-15,882897.8300000001,304276.32,215.995,0.492,-1.158,-0.408,31220.861,0.0,0.5,0.0,0.35000002,20.519999,42.48
746,2022-01-16,657548.45,710098.81,133.09541666666667,2.092,0.442,1.6107501,31358.31,0.0,2.9,2.1000001,0.56,27.381308,57.96
747,2022-01-17,695178.74,936929.23,129.31458333333333,4.392,-0.45799997,1.925333,31499.08,10292.195,0.1,0.1,0.0,10.514218,20.519999
748,2022-01-18,962916.0700000001,436567.2,235.87,2.4919999,-2.358,0.7315833,31642.977,19047.283,0.7,0.3,0.28,19.829433,39.239998
749,2022-01-19,798659.1,856107.24,172.1795833333333,1.692,-1.458,0.6274166,31789.799,7524.0674,5.2,0.59999996,3.2200003,24.33664,59.039997
750,2022-01-20,658509.29,1039415.78,117.69541666666667,0.392,-4.508,-1.3850836,31939.354,9428.673,3.3999999,0.0,2.3800004,23.795427,47.519997
751,2022-01-21,775557.6,846643.35,159.26958333333332,2.842,0.592,1.9315833,32091.455,0.0,3.9999998,1.7000002,1.6100001,26.124195,51.839996
752,2022-01-22,774270.14,561085.39,175.75750000000002,3.392,1.8920001,2.5107496,32246.178,0.0,0.4,0.4,0.0,13.896187,28.44
753,2022-01-23,852845.9,349096.7,193.69500000000002,4.692,1.192,2.6253333,32405.152,3560.4724,0.0,0.0,0.0,7.653705,18.359999
754,2022-01-24,937759.8,350704.64,245.9375,3.842,-0.8579999,0.6794999,32568.473,16467.1,0.0,0.0,0.0,7.92,14.759999
755,2022-01-25,968038.53,349727.04,297.28833333333336,0.442,-1.158,-0.5121666,32735.852,451.35724,0.0,0.0,0.0,14.759999,30.599998
756,2022-01-26,885568.63,664269.55,234.98125000000002,1.6420001,-2.408,-0.7079999,32907.016,0.0,1.0000001,0.1,0.63,26.649727,53.28
757,2022-01-27,642837.75,1052175.23,120.71333333333332,3.442,0.292,1.8357502,33081.69,20226.188,1.4000002,0.80000013,0.42000002,28.51282,56.88
758,2022-01-28,678105.14,893079.6,174.3479166666667,5.092,0.542,2.4649165,33259.62,0.0,0.8,0.8,0.0,29.16889,59.039997
759,2022-01-29,418779.71,1129615.44,92.12916666666666,5.092,-0.058,3.1732502,33440.547,16805.979,0.8000001,0.8000001,0.0,34.387066,69.12
760,2022-01-30,428047.05,1029930.45,55.30041666666667,3.5419998,-0.20799997,1.3607498,33624.21,3671.7214,10.400002,1.9000001,5.9500003,28.08923,61.920002
761,2022-01-31,722408.86,689704.4400000001,195.2025,3.5419998,-0.508,1.3836666,33810.37,4522.742,8.4,1.1,5.1099997,31.367552,64.439995
762,2022-02-01,601413.91,1033299.98,150.24708333333334,5.742,2.092,3.8336668,33998.78,24491.041,3.4999998,2.9999998,0.35000002,30.500309,65.88
763,2022-02-02,614922.08,997566.61,140.22083333333333,7.042,-1.258,3.3857496,34189.215,7200.0,0.0,0.0,0.0,12.984975,25.56
764,2022-02-03,792480.92,651539.04,193.55791666666667,6.1419997,3.942,5.0836663,34381.438,3046.8308,1.5000001,1.5000001,0.0,23.795427,47.88
765,2022-02-04,589376.12,964544.28,132.36833333333334,4.792,-0.308,2.5524168,34575.24,14584.358,1.2,1.2,0.0,27.952787,59.399998
766,2022-02-05,348962.55,1169211.64,88.89458333333333,5.442,2.392,3.6524162,34770.39,0.0,11.1,9.599999,1.0500001,33.672993,68.4
767,2022-02-06,296707.37,1163871.36,52.784166666666664,4.292,0.542,2.0565832,34966.676,14394.509,4.8999996,2.1999998,1.8900001,30.599998,65.159996
768,2022-02-07,494270.61,1100738.79,84.67583333333333,5.342,0.14199999,3.089917,35163.9,0.0,0.2,0.2,0.0,17.294992,36.719997
769,2022-02-08,608103.06,1032144.61,137.80791666666667,9.642,-0.058,5.2774167,35361.855,7811.6836,0.0,0.0,0.0,19.852295,40.32
770,2022-02-09,687864.43,855303.98,165.89166666666668,9.442,-1.458,3.4086668,35560.344,23288.383,0.0,0.0,0.0,22.862125,52.199997
771,2022-02-10,785913.28,647254.44,192.81958333333333,4.492,-0.058,3.0274165,35759.184,24235.518,1.0000001,0.8000001,0.14,28.387545,58.32
772,2022-02-11,751321.16,721067.64,184.58041666666668,5.6419997,-4.008,0.67533344,35958.46,31942.152,0.0,0.0,0.0,14.113652,30.960001
773,2022-02-12,645212.6,763695.76,143.05041666666668,8.242001,-3.7080002,1.3586665,36160.004,32085.797,0.0,0.0,0.0,12.864649,28.8
774,2022-02-13,413132.49,1037126.8200000001,83.57791666666667,7.3919997,-1.808,2.7774165,36364.0,21600.0,0.1,0.1,0.0,14.799459,28.44
775,2022-02-14,561521.14,1057734.43,102.22333333333334,7.092,1.6420001,4.5253334,36570.223,5410.036,3.6000001,3.6000001,0.0,15.5843,31.68
776,2022-02-15,683488.76,881627.67,155.00416666666666,9.342,0.842,5.3045,36778.465,7200.0,4.4,4.4,0.0,28.712116,56.16
777,2022-02-16,499715.81,1186918.44,117.37791666666668,11.292001,4.742,8.1545,36988.52,28467.312,4.299999,4.299999,0.0,45.14377,95.399994
778,2022-02-17,381238.33,1271433.3,68.63708333333334,11.942,4.592,7.4878325,37200.188,4014.6455,5.1,5.1,0.0,31.104082,74.520004
779,2022-02-18,465429.8,1045751.83,117.62708333333335,7.242,0.392,4.2711663,37413.277,32488.85,0.2,0.1,0.07,32.809414,74.159996
780,2022-02-19,330203.56,1179388.15,39.615833333333335,7.692,1.942,5.483667,37627.59,0.0,3.7,2.2,1.05,31.875755,64.079994
781,2022-02-20,310249.27999999997,1127539.18,67.28125,8.442,2.592,5.464916,37842.938,25351.697,6.7,5.4999995,0.84,42.918583,87.479996
782,2022-02-21,408232.75,1253961.41,75.41625,6.292,1.542,4.0378337,38059.15,24167.008,1.8000002,1.4000002,0.28,26.478973,55.079998
783,2022-02-22,569949.08,1095194.07,123.24291666666666,9.042001,-0.258,5.2565837,38276.035,31431.967,2.3000002,2.3000002,0.0,27.684914,56.16
784,2022-02-23,629448.3,998385.55,130.08875,11.692,-2.658,4.4336667,38493.414,29449.69,0.6,0.6,0.0,26.661882,50.039997
785,2022-02-24,621644.11,1052800.91,123.3875,5.742,-0.40800002,2.0711668,38711.13,30108.117,1.6000001,1.0,0.42000002,23.499481,55.079998
786,2022-02-25,595024.55,1097900.2,119.9575,4.592,-1.458,1.3607501,38929.008,12623.044,1.2,0.20000002,0.7,17.072504,34.56
787,2022-02-26,743717.66,484645.08999999997,225.43416666666667,6.042,-2.2580001,1.0045,39146.875,27268.963,0.0,0.0,0.0,16.394829,35.64
788,2022-02-27,621562.4400000001,706799.78,182.40833333333333,6.1419997,-3.2080002,0.27116656,39364.574,35532.703,0.0,0.0,0.0,13.698934,25.919998
789,2022-02-28,746884.17,714305.41,208.29625,6.592,-3.7080002,0.102416635,39581.94,35786.42,0.0,0.0,0.0,13.891522,27.0
790,2022-03-01,833118.71,546787.35,241.40125,6.242,-4.3580003,0.12950014,39798.816,20437.283,0.0,0.0,0.0,8.654986,12.959999
791,2022-03-02,882389.44,371538.14,278.77625,8.192,-5.408,0.23783286,40015.047,35307.62,0.0,0.0,0.0,10.799999,22.319998
792,2022-03-03,835614.88,491828.26,338.19958333333335,4.542,-3.758,-0.06216662,40230.73,29100.76,0.0,0.0,0.0,11.659777,27.359999
793,2022-03-04,823581.0,506264.18,358.7775,4.192,-4.6080003,-0.3434168,40447.547,29600.9,0.0,0.0,0.0,14.332341,30.960001
794,2022-03-05,759050.21,492275.4,344.4025,3.2419999,-3.808,-0.53091675,40665.723,24879.152,0.0,0.0,0.0,15.175612,31.319998
795,2022-03-06,753450.21,398837.99,340.79791666666665,3.842,-5.3580003,-0.7955,40885.09,37137.664,0.0,0.0,0.0,15.463244,35.28
796,2022-03-07,823178.21,484437.57,410.09999999999997,7.442,-4.158,0.7836666,41105.496,37364.65,0.0,0.0,0.0,12.43434,27.0
797,2022-03-08,769334.7,613553.47,487.5733333333333,9.892,-3.408,2.8482502,41326.812,37592.12,0.0,0.0,0.0,7.754637,15.84
798,2022-03-09,777956.58,560971.9,446.25458333333336,10.892,-2.558,3.0670002,41548.875,37819.953,0.0,0.0,0.0,16.93531,32.399998
799,2022-03-10,704215.6,800208.01,279.1504166666667,8.692,-3.408,1.6211667,41771.547,38047.984,0.0,0.0,0.0,19.443333,40.32
800,2022-03-11,532075.44,1104480.25,80.43916666666667,9.542001,-3.758,1.6815833,41994.688,38276.074,0.0,0.0,0.0,12.10157,26.28
801,2022-03-12,511925.76,864606.91,124.25,11.142,-3.6080003,2.902417,42218.152,38504.066,0.0,0.0,0.0,10.990322,26.64
802,2022-03-13,499360.02,810287.41,115.09791666666666,10.192,-1.8579999,4.36075,42441.8,24277.105,0.1,0.1,0.0,20.532627,41.399998
803,2022-03-14,800177.33,561703.58,281.44,8.342,-1.158,4.2899165,42665.496,411.4872,8.8,8.8,0.0,19.493261,38.16
804,2022-03-15,874916.75,319148.42,300.53749999999997,11.442,1.342,6.321167,42889.1,32490.21,0.0,0.0,0.0,12.620554,28.8
805,2022-03-16,792376.97,603195.45,245.29666666666665,12.642,0.09200001,6.946167,43112.48,26244.703,0.0,0.0,0.0,13.207634,25.199999
806,2022-03-17,748087.11,660442.34,225.40958333333333,11.642,3.692,7.4795003,43335.484,30414.6,0.0,0.0,0.0,19.191748,39.96
807,2022-03-18,725018.4,598686.94,228.9,7.742,0.642,4.4357495,43557.984,38771.76,1.5,0.90000004,0.42000002,22.253124,46.079998
808,2022-03-19,479668.45,900375.53,130.95208333333332,12.242001,1.792,6.046167,43779.836,39509.406,0.0,0.0,0.0,19.08,38.88
809,2022-03-20,395870.14,997872.3,49.04291666666666,12.142,-2.658,4.396167,44000.9,39870.9,0.0,0.0,0.0,11.019764,22.68
810,2022-03-21,722097.73,646756.65,205.75458333333333,14.842,-2.308,5.4170003,44221.043,40184.164,0.0,0.0,0.0,10.1887,20.16
811,2022-03-22,801979.15,487193.44,236.48833333333334,17.241999,-2.0080001,7.7003326,44440.113,40421.555,0.0,0.0,0.0,10.1887,17.64
812,2022-03-23,833674.79,449941.18,236.53375000000003,17.392,0.09200001,8.021167,44658.21,40754.316,0.0,0.0,0.0,11.043261,17.64
813,2022-03-24,828469.2,435285.09,237.99833333333333,16.192,1.592,8.504499,44876.89,40921.617,0.0,0.0,0.0,11.183201,25.199999
814,2022-03-25,759332.72,502755.29,244.37875,16.142,1.192,8.589916,45096.355,41194.406,0.0,0.0,0.0,11.480557,23.039999
815,2022-03-26,625358.64,634002.24,189.5525,17.842,3.892,10.192,45316.477,40895.88,0.0,0.0,0.0,10.495713,25.919998
816,2022-03-27,616959.63,459337.68,200.59391304347827,18.692,2.9919999,10.427417,45537.125,41068.246,0.0,0.0,0.0,12.849528,29.88
817,2022-03-28,767007.64,544656.74,221.57083333333333,16.442,4.542,10.787834,45758.176,31847.475,0.0,0.0,0.0,10.739832,28.8
818,2022-03-29,819764.8,478483.15,250.18291666666667,11.142,4.942,7.7399173,45979.492,281.3388,7.9999995,7.9999995,0.0,13.979872,28.08
819,2022-03-30,878716.24,363999.36,271.02708333333334,7.292,3.342,4.967,46200.957,0.0,0.2,0.2,0.0,13.479583,28.8
820,2022-03-31,747963.3,726278.73,209.19000000000003,4.6419997,0.642,2.3024163,46422.426,0.0,7.499999,1.8000002,3.99,18.504139,38.16
821,2022-04-01,615515.6,892634.35,160.13083333333333,1.6420001,-0.6079999,0.3295,46643.766,0.0,5.7999988,0.0,4.200001,18.775303,39.6
822,2022-04-02,601146.59,689544.32,166.40333333333334,3.892,-3.108,0.47324994,46864.855,35103.14,0.1,0.1,0.0,12.964998,29.88
823,2022-04-03,577268.94,583528.41,172.88625,6.542,-3.5080001,1.8211666,47085.547,35138.938,1.6,0.4,0.84000003,25.045238,53.28
824,2022-04-04,452928.33,1181738.04,75.32666666666667,8.542001,2.592,5.419083,47305.7,0.0,8.599999,8.1,0.35000002,24.798223,49.32
825,2022-04-05,612573.49,830593.89,183.02416666666667,13.942,6.6419997,9.706584,47525.188,27154.168,0.90000004,0.90000004,0.0,22.314194,47.88
826,2022-04-06,499870.37,1103399.92,121.33416666666666,14.092,7.192,9.937834,47743.85,15316.948,5.3999996,5.3999996,0.0,38.400375,82.439995
827,2022-04-07,396999.16000000003,1274027.01,74.15333333333334,8.842,3.442,5.796167,47961.56,15338.311,15.900001,15.900001,0.0,27.021591,55.44
828,2022-04-08,527890.09,927133.92,120.86833333333334,7.342,1.592,3.9190836,48178.152,41009.83,7.3999996,6.099999,0.91,24.344624,54.719997
829,2022-04-09,402596.28,1000733.85,59.824999999999996,6.842,-0.658,2.9711666,48393.477,38883.78,1.1,0.49999997,0.42000002,20.447239,43.56
830,2022-04-10,394405.33999999997,858989.73,74.65375,11.292001,-2.558,4.56075,48607.387,44720.844,0.0,0.0,0.0,9.1641035,24.48
831,2022-04-11,663899.44,600823.73,223.61749999999998,17.292,-0.058,8.583667,48819.715,43200.0,0.0,0.0,0.0,10.990322,26.64
832,2022-04-12,587342.52,855464.73,184.5925,19.792,2.392,11.446167,49030.535,40295.516,0.0,0.0,0.0,9.693296,19.08
833,2022-04-13,631983.99,613293.62,222.51833333333332,19.842,5.192,12.825333,49241.35,44147.594,4.0,4.0,0.0,11.966954,26.28
834,2022-04-14,630574.29,541328.98,227.70916666666668,16.792,6.242,11.514916,49452.355,41296.086,0.70000005,0.70000005,0.0,20.12461,42.12
835,2022-04-15,524469.28,530838.6,192.96416666666667,11.192,2.392,7.2378335,49663.406,38316.82,0.0,0.0,0.0,18.043148,38.88
836,2022-04-16,456051.91000000003,678159.97,149.215,12.542001,0.14199999,6.3420005,49874.375,45415.777,0.0,0.0,0.0,13.979871,31.68
837,2022-04-17,406637.18,646374.41,108.82166666666667,13.042001,0.842,7.627417,50085.117,26608.06,0.0,0.0,0.0,11.503113,22.319998
838,2022-04-18,434866.0,615889.9400000001,120.23125,13.592,1.742,7.2399163,50295.49,35096.918,0.0,0.0,0.0,19.809813,43.199997
839,2022-04-19,564645.78,656921.55,213.00458333333333,13.742001,-0.8579999,6.664917,50505.344,36375.055,0.0,0.0,0.0,19.386593,39.96
840,2022-04-20,554136.59,644545.87,203.24958333333333,12.392,4.592,8.617002,50714.53,23790.895,0.0,0.0,0.0,13.397612,29.519999
841,2022-04-21,571493.27,614145.39,199.50458333333333,15.942,4.8919997,9.639916,50922.895,35497.145,0.0,0.0,0.0,19.35314,43.56
842,2022-04-22,502728.18,878029.65,172.48708333333332,13.942,6.692,10.302417,51130.28,20071.596,0.0,0.0,0.0,20.774214,44.28
843,2022-04-23,399731.88,916058.87,93.30624999999999,11.442,6.242,8.912834,51336.523,0.0,3.3,3.3,0.0,16.981165,34.56
844,2022-04-24,399175.32,813242.91,108.53500000000001,12.442,6.342,8.889916,51541.457,14257.036,0.3,0.3,0.0,12.229406,25.199999
845,2022-04-25,661781.41,496560.98,223.4645833333333,10.442,4.742,7.669083,51744.91,0.0,11.7,11.7,0.0,11.119281,24.119999
846,2022-04-26,708476.02,432780.66,238.46916666666667,14.392,6.092,10.071166,51946.7,39949.074,4.2999997,4.2999997,0.0,10.514218,25.199999
847,2022-04-27,700680.08,467974.13,222.20916666666668,17.491999,3.192,10.737834,52146.66,45394.64,0.0,0.0,0.0,9.659814,20.519999
848,2022-04-28,651992.86,562208.21,230.1520833333333,18.842,2.4919999,11.141999,52344.598,48395.633,0.0,0.0,0.0,11.435313,25.56
849,2022-04-29,659711.14,520197.58,228.02458333333334,16.392,5.792,11.289918,52540.32,20173.072,0.6,0.6,0.0,10.799999,21.96
850,2022-04-30,554154.47,459980.12,201.275,16.192,7.442,11.683667,52733.637,31080.535,0.0,0.0,0.0,9.693296,24.48
851,2022-05-01,527791.53,394382.46,194.74125,18.542,7.092,12.331584,52924.34,41755.75,6.3,6.3,0.0,10.829959,27.359999
852,2022-05-02,604821.16,480153.54,219.0225,18.292,7.592,12.987832,53112.45,48528.945,1.3000001,1.3000001,0.0,10.799999,27.359999
853,2022-05-03,659693.58,522859.46,218.15625,18.592,7.942,13.117,53299.41,49273.65,1.2,1.2,0.0,13.479583,29.88
854,2022-05-04,678406.64,430396.76,231.29,16.842,6.942,12.181582,53485.375,35126.13,9.9,9.9,0.0,11.726277,22.319998
855,2022-05-05,667227.24,430549.1,234.485,17.842,9.042001,13.131583,53670.2,22418.807,2.0,2.0,0.0,14.264361,30.960001
856,2022-05-06,637261.46,441627.76,225.35916666666665,18.092,8.342,13.744084,53853.71,48334.023,0.90000004,0.90000004,0.0,11.183201,25.56
857,2022-05-07,491475.87,494246.18,201.4283333333333,20.392,6.592,14.275333,54035.75,49630.977,0.0,0.0,0.0,14.773164,34.2
858,2022-05-08,438217.5,550858.08,171.8175,20.892,9.392,15.569083,54216.14,49716.938,0.1,0.1,0.0,10.661107,25.919998
859,2022-05-09,584277.2,563119.42,216.81041666666667,22.342,8.892,16.639915,54394.707,46201.42,0.1,0.1,0.0,10.383987,24.48
860,2022-05-10,544439.79,740973.51,183.31875,26.692,11.742001,19.637833,54571.273,49884.34,0.0,0.0,0.0,16.375053,41.039997
861,2022-05-11,462176.51,849928.68,159.09166666666667,22.942,16.042,19.55033,54745.656,43676.984,0.0,0.0,0.0,23.828083,49.68
862,2022-05-12,452550.8,848096.62,169.11958333333334,20.942,11.492001,16.729498,54917.67,46800.0,0.1,0.1,0.0,22.963936,49.68
863,2022-05-13,432635.41000000003,794939.4299999999,168.78791666666666,22.241999,6.742,15.458665,55087.11,50167.137,0.0,0.0,0.0,10.1887,25.56
864,2022-05-14,388207.47,730806.31,152.96875,23.741999,9.142,17.142,55253.79,50319.152,0.0,0.0,0.0,9.47012,22.319998
865,2022-05-15,376373.92,586241.85,149.025,24.942,11.442,18.069082,55417.492,42301.56,0.1,0.1,0.0,17.373497,37.44
866,2022-05-16,500745.44,684084.63,211.58249999999998,21.241999,13.592,17.419083,55578.023,46800.0,1.6,1.6,0.0,18.864824,41.399998
867,2022-05-17,595327.84,527019.5,225.74916666666664,23.342,11.942,17.596167,55735.168,45182.18,0.0,0.0,0.0,10.883676,24.84
868,2022-05-18,544304.72,673597.1799999999,206.9695833333333,26.942,10.442,19.052416,55888.707,50400.0,0.1,0.1,0.0,15.192682,42.839996
869,2022-05-19,490552.41,672936.1,210.80916666666667,28.642,15.142,21.929499,56038.42,39314.22,0.0,0.0,0.0,21.710716,43.199997
870,2022-05-20,478684.0,657536.99,209.23458333333335,20.241999,12.142,15.9732485,56184.086,50504.727,0.3,0.3,0.0,23.491207,50.399998
871,2022-05-21,300168.49,963114.07,103.36208333333333,20.942,8.692,15.321166,56325.473,50400.0,0.0,0.0,0.0,10.464798,25.56
872,2022-05-22,426289.98,534367.54,166.03208333333333,22.642,10.642,16.78575,56462.54,25455.838,2.6,2.6,0.0,14.291592,33.839996
873,2022-05-23,463173.01,828705.11,188.13791666666665,18.692,13.592,15.906582,56596.41,21651.553,6.1,6.1,0.0,16.454008,36.36
874,2022-05-24,460398.55,756769.12,162.945,19.192,11.342,14.421166,56727.188,29376.674,5.1,5.1,0.0,15.937878,35.64
875,2022-05-25,442585.35,735640.16,177.49625,17.942,10.892,14.650332,56854.74,41265.69,0.1,0.1,0.0,21.26744,45.36
876,2022-05-26,269888.36,946734.28,67.93249999999999,16.942,11.692,14.246166,56978.92,23711.049,1.2,1.2,0.0,24.187069,52.92
877,2022-05-27,279785.02,1055569.59,46.76541666666666,15.042001,6.742,11.402417,57099.582,51261.344,1.4000001,1.4000001,0.0,21.924562,48.239998
878,2022-05-28,283193.89,986748.13,36.84916666666667,14.042001,4.842,9.07325,57216.582,33722.38,5.2000003,5.2000003,0.0,11.165805,35.28
879,2022-05-29,407479.93,630347.18,156.335,16.842,3.2919998,10.6295,57329.754,51560.637,0.3,0.3,0.0,12.24,23.4
880,2022-05-30,538092.78,463383.18,225.99291666666667,20.592,6.192,13.512834,57438.953,42369.023,0.6,0.6,0.0,11.631956,36.719997
881,2022-05-31,725087.25,478892.63,210.17,21.241999,7.6419997,15.591999,57544.035,51732.6,0.1,0.1,0.0,19.08,42.12
882,2022-06-01,595988.58,557846.97,215.28916666666666,21.042,9.942,15.919083,57644.844,51746.723,0.0,0.0,0.0,12.979984,25.199999
883,2022-06-02,537307.58,656528.31,188.8708333333333,26.192,10.442,19.012833,57741.207,42553.13,0.9,0.9,0.0,11.966954,27.72
884,2022-06-03,530211.18,586663.16,184.54541666666668,24.842,14.742001,19.121166,57833.0,34586.17,0.1,0.1,0.0,13.441071,29.88
885,2022-06-04,444978.31,565493.92,162.49333333333334,24.042,14.342,18.827417,57920.05,34219.98,4.0,4.0,0.0,14.869351,35.64
886,2022-06-05,427935.46,672857.51,141.57791666666665,23.042,13.842,18.406584,58002.21,50848.62,0.3,0.3,0.0,14.512064,32.039997
887,2022-06-06,360553.24,842474.24,91.32875,20.542,13.942,17.13575,58079.32,23492.277,2.1999998,2.1999998,0.0,13.722565,31.68
888,2022-06-07,534860.13,719332.55,183.88166666666666,21.542,11.842,17.13575,58151.23,49634.08,0.8000001,0.8000001,0.0,13.849476,31.68
889,2022-06-08,549404.01,520828.35,190.3479166666667,18.642,12.792001,15.594083,58217.797,28205.639,1.2,1.2,0.0,17.709658,38.88
890,2022-06-09,538159.11,567596.61,185.49166666666667,22.342,11.042001,17.131582,58278.867,51495.055,0.0,0.0,0.0,12.10157,23.039999
891,2022-06-10,528176.53,614007.69,185.75458333333333,24.342,10.542001,18.687834,58334.285,43985.98,0.0,0.0,0.0,8.350138,20.16
892,2022-06-11,423660.89,625556.72,134.70083333333335,26.741999,12.792001,20.802416,58383.984,52463.734,0.0,0.0,0.0,11.5199995,30.599998
893,2022-06-12,402217.4,648276.36,116.95583333333333,21.792,12.892,17.98575,58428.363,52681.56,0.6,0.6,0.0,25.11758,54.0
894,2022-06-13,481884.32,747004.3,165.56416666666667,22.692,11.042001,17.127417,58467.465,52937.99,0.0,0.0,0.0,6.9527545,16.56
895,2022-06-14,543532.14,604832.45,194.98083333333332,27.241999,10.442,19.566998,58501.312,52964.633,0.0,0.0,0.0,9.021574,23.039999
896,2022-06-15,552554.45,560870.99,211.82958333333332,27.592,13.942,20.691998,58529.855,51886.938,0.4,0.4,0.0,15.484185,36.719997
897,2022-06-16,508376.56,605628.62,201.9725,26.442,13.442,20.662832,58553.105,53016.12,0.0,0.0,0.0,11.966953,24.48
898,2022-06-17,500106.59,608129.86,255.43125,33.342003,13.542001,24.45867,58571.055,53032.504,0.0,0.0,0.0,13.441071,27.72
899,2022-06-18,405142.13,719846.03,195.39499999999998,34.892002,18.491999,27.048254,58583.688,50858.652,0.1,0.1,0.0,18.86139,48.6
900,2022-06-19,399537.9,686221.24,154.65208333333334,28.292,12.842,21.781584,58591.027,51759.598,8.5,8.5,0.0,25.6233,54.36
901,2022-06-20,525404.03,577593.38,267.37166666666667,23.642,8.842,17.033667,58593.062,53298.074,0.0,0.0,0.0,9.83268,21.24
902,2022-06-21,590929.02,613457.22,288.59375,26.792,13.192,19.9045,58589.805,36277.938,0.70000005,0.70000005,0.0,10.829958,23.759998
903,2022-06-22,621883.98,469969.44,323.34083333333336,26.592,15.542001,21.904501,58581.285,51867.562,2.2,2.2,0.0,14.417988,32.399998
904,2022-06-23,609389.72,613802.2,295.0804166666667,23.692,16.792,19.948246,58567.492,29765.8,5.9999995,5.9999995,0.0,11.885453,27.72
905,2022-06-24,529329.42,671530.5,274.3,25.542,15.692,20.064915,58548.45,42312.33,0.3,0.3,0.0,15.876775,31.68
906,2022-06-25,496088.8,519099.09,240.39291666666668,27.892,14.592,21.881578,58524.184,52611.81,0.0,0.0,0.0,9.422101,22.68
907,2022-06-26,456994.28,520532.49,201.67083333333335,29.042,18.192,23.09825,58494.734,47287.03,7.9999995,7.9999995,0.0,19.513195,42.839996
908,2022-06-27,589780.61,530451.5,316.6475,23.491999,16.092,20.244083,58460.113,39584.305,0.6,0.6,0.0,14.372974,32.399998
909,2022-06-28,598537.47,528579.72,331.5154166666667,24.392,17.592,21.104498,58420.348,31120.574,0.5,0.5,0.0,13.246826,29.16
910,2022-06-29,605291.39,560550.65,315.54291666666666,28.092,16.642,22.521166,58375.496,49827.758,0.1,0.1,0.0,8.217153,20.880001
911,2022-06-30,754646.39,604341.87,325.4775,18.991999,10.742001,15.866998,58325.594,15835.175,5.2,5.2,0.0,21.889065,45.36
912,2022-07-01,601327.63,578665.88,314.3845833333333,23.342,8.142,16.7295,58270.562,53065.984,0.0,0.0,0.0,12.661564,28.44
913,2022-07-02,434583.55,649775.58,218.9225,29.092,11.592,21.050333,58209.9,53048.465,0.0,0.0,0.0,10.587918,25.919998
914,2022-07-03,426530.12,636449.92,200.10541666666666,26.741999,17.142,21.546167,58143.6,42232.176,0.1,0.1,0.0,13.849477,31.68
915,2022-07-04,525746.47,648389.35,293.89,26.542,16.142,21.373251,58071.875,53005.863,0.1,0.1,0.0,17.339897,41.039997
916,2022-07-05,568895.45,662930.33,318.37208333333336,23.192,14.242001,19.029497,57994.87,52320.484,0.1,0.1,0.0,17.709658,40.32
917,2022-07-06,540127.94,685093.12,303.53541666666666,18.642,12.842,15.252416,57912.72,14133.162,6.1,6.1,0.0,19.245697,43.92
918,2022-07-07,488187.88,790260.78,213.21875,18.642,10.842,15.152415,57825.625,19576.445,0.2,0.2,0.0,18.971008,37.44
919,2022-07-08,490322.74,721779.4400000001,295.91541666666666,21.442,12.492001,17.23783,57733.746,40304.117,1.4000001,1.4000001,0.0,19.386593,42.48
920,2022-07-09,406382.08,727111.15,148.13750000000002,17.292,12.592,15.160751,57637.242,40213.004,0.0,0.0,0.0,18.668005,41.039997
921,2022-07-10,348138.69,756528.0,115.16375,19.942,12.992001,16.396166,57536.293,34318.312,1.0000001,1.0000001,0.0,15.021105,33.839996
922,2022-07-11,574253.85,481534.99,372.595,25.592,13.792001,19.192,57431.055,47484.383,0.0,0.0,0.0,16.516901,34.92
923,2022-07-12,566578.5,559902.69,377.66125000000005,29.042,12.742001,22.060751,57321.688,45498.402,0.0,0.0,0.0,13.363711,29.88
924,2022-07-13,580743.29,657726.5700000001,352.15875,31.892,16.491999,23.281586,57208.38,50518.035,0.0,0.0,0.0,24.863466,53.28
925,2022-07-14,543184.45,674104.22,367.37791666666664,21.991999,11.042001,17.569082,57091.277,51570.508,0.0,0.0,0.0,14.003028,32.760002
926,2022-07-15,511960.62,686941.02,329.92333333333335,22.192,9.792001,17.194082,56970.535,46994.96,0.0,0.0,0.0,19.201874,42.48
927,2022-07-16,354172.7,800064.39,174.81208333333333,26.392,10.192,18.904501,56846.336,52512.906,0.0,0.0,0.0,10.24578,18.0
928,2022-07-17,395673.84,574160.9400000001,221.85666666666665,30.192,12.442,21.985748,56718.83,45601.594,0.0,0.0,0.0,7.386582,18.72
929,2022-07-18,551308.84,527787.73,396.06541666666664,33.242,14.892,24.804502,56588.16,52280.73,0.0,0.0,0.0,12.303366,28.08
930,2022-07-19,583931.49,589538.95,397.0854166666666,35.692,17.142,27.477417,56454.496,50911.027,0.0,0.0,0.0,12.313893,27.72
931,2022-07-20,538677.18,775175.59,332.70458333333335,27.092,19.592,23.042,56317.984,38336.594,2.0,2.0,0.0,15.273505,36.36
932,2022-07-21,598777.13,589973.15,396.73375000000004,30.942,16.092,24.073252,56178.586,51738.793,0.0,0.0,0.0,6.849467,19.8
933,2022-07-22,596586.16,555514.6799999999,377.45125,28.542,18.491999,23.052416,56035.09,45391.26,1.4000001,1.4000001,0.0,16.73516,41.760002
934,2022-07-23,524842.41,514678.48,324.98541666666665,28.542,15.592,22.973246,55887.477,51019.89,0.0,0.0,0.0,8.714677,22.68
935,2022-07-24,441406.39,603251.38,260.62833333333333,33.842003,17.142,25.914919,55735.96,46692.555,0.0,0.0,0.0,18.511143,42.48
936,2022-07-25,491266.9,805684.81,309.81125000000003,26.692,18.192,22.339912,55580.766,40145.375,0.0,0.0,0.0,21.288757,45.0
937,2022-07-26,548459.37,720970.97,316.5729166666667,23.241999,14.642,19.058666,55422.117,47599.254,0.2,0.2,0.0,12.287555,28.44
938,2022-07-27,574012.71,637578.74,424.4916666666666,25.942,12.692,19.952417,55260.23,44989.758,0.0,0.0,0.0,12.620554,29.88
939,2022-07-28,572017.32,553921.84,473.25333333333333,26.942,15.842,20.596167,55095.32,29899.654,2.6,2.6,0.0,15.315873,33.12
940,2022-07-29,575049.27,543781.8099999999,438.65000000000003,23.491999,15.892,18.9795,54927.58,46273.54,1.7,1.7,0.0,27.36947,56.519997
941,2022-07-30,488434.11,474551.86,380.77416666666664,27.192,11.342,20.125332,54757.227,42009.297,0.0,0.0,0.0,16.62249,37.44
942,2022-07-31,468670.47,485659.64,317.79291666666666,26.642,17.241999,22.054499,54584.453,49336.465,0.8,0.8,0.0,15.815435,37.079998
943,2022-08-01,597176.44,527734.97,424.62166666666667,28.241999,15.992001,22.414915,54409.44,49285.355,0.6,0.6,0.0,9.726665,23.039999
944,2022-08-02,581320.83,567095.66,380.5125,31.092,16.292,24.387833,54232.395,48444.277,0.0,0.0,0.0,9.565437,25.56
945,2022-08-03,570503.15,585358.5,384.82666666666665,33.542,17.942,26.55867,54053.492,49224.543,0.0,0.0,0.0,9.1641035,24.84
946,2022-08-04,586273.29,555759.52,414.15958333333333,32.842003,19.542,26.119085,53872.914,48734.65,0.0,0.0,0.0,20.991426,42.839996
947,2022-08-05,576280.37,559007.42,380.31125,22.942,15.092,18.689917,53690.824,43919.977,17.800001,17.800001,0.0,17.015474,35.64
948,2022-08-06,504125.19,576720.8,273.80916666666667,24.692,12.342,19.021164,53507.402,47300.562,0.0,0.0,0.0,13.849476,34.2
949,2022-08-07,457586.52,527255.75,214.92499999999998,27.991999,12.492001,20.537834,53322.812,48795.7,0.0,0.0,0.0,14.277983,36.719997
950,2022-08-08,555634.38,511243.25,359.54791666666665,27.592,13.542001,20.79825,53137.21,48717.516,0.0,0.0,0.0,17.208603,38.88
951,2022-08-09,569099.23,557030.45,344.87208333333336,26.241999,14.492001,20.969084,52950.758,46878.516,0.0,0.0,0.0,18.486622,41.760002
952,2022-08-10,568299.09,568907.26,335.08,27.142,14.642,21.287832,52763.387,48533.863,0.0,0.0,0.0,17.935081,40.68
953,2022-08-11,538070.37,587290.72,368.1458333333333,25.842,14.442,19.717,52573.664,48114.22,1.5,1.5,0.0,15.978486,43.199997
954,2022-08-12,507847.7,611392.6,436.79833333333335,27.741999,13.892,21.108665,52381.48,45682.887,0.0,0.0,0.0,14.33234,34.92
955,2022-08-13,457289.45999999996,538872.12,377.74499999999995,28.042,15.692,22.289919,52187.023,47256.77,0.0,0.0,0.0,13.627795,35.64
956,2022-08-14,435257.68,600976.35,330.4558333333333,28.342,16.242,22.533663,51990.48,42213.66,0.0,0.0,0.0,13.684735,33.12
957,2022-08-15,526509.53,519131.15,426.6045833333333,27.692,15.942,22.23783,51792.03,43430.48,0.0,0.0,0.0,11.304229,27.0
958,2022-08-16,601820.69,486158.0,490.7929166666666,30.792,15.192,24.108667,51591.86,46804.926,0.1,0.1,0.0,9.793059,23.759998
959,2022-08-17,591769.87,444836.75,551.9525,30.092,18.892,23.312836,51390.137,29272.1,9.3,9.3,0.0,20.957443,40.32
960,2022-08-18,606329.15,444883.81,563.76,23.592,17.392,19.846167,51187.023,22214.73,6.9,6.9,0.0,13.493999,27.0
961,2022-08-19,592557.95,369794.82,515.0970833333333,21.392,16.242,17.804499,50982.69,1825.3214,9.900001,9.900001,0.0,12.738099,29.16
962,2022-08-20,526805.12,403405.65,457.97375000000005,23.692,14.942,18.942,50777.293,33868.945,0.5,0.5,0.0,10.948973,24.48
963,2022-08-21,490991.29000000004,508277.56,364.13208333333336,23.692,12.142,18.137835,50571.0,29876.14,0.0,0.0,0.0,12.88981,28.44
964,2022-08-22,658618.09,447916.47,563.81375,25.892,11.092,18.352415,50363.945,45910.227,0.0,0.0,0.0,12.599998,29.16
965,2022-08-23,646265.73,539447.22,605.1279166666667,25.342,13.092,19.525331,50156.28,43992.695,0.4,0.4,0.0,11.440979,25.56
966,2022-08-24,647317.03,529187.66,624.3416666666667,27.342,15.692,21.616999,49948.16,40098.676,0.0,0.0,0.0,12.324414,29.519999
967,2022-08-25,635899.9,602055.87,599.8304166666667,26.241999,16.592,20.362833,49739.71,32937.027,2.7999997,2.7999997,0.0,7.386582,16.919998
968,2022-08-26,640735.36,493492.08,699.4416666666666,23.592,16.692,19.614916,49531.086,30036.006,4.899999,4.899999,0.0,12.819235,26.28
969,2022-08-27,558638.63,467118.79,607.8391666666666,22.542,16.741999,19.108665,49322.414,34755.758,0.6,0.6,0.0,11.966954,27.0
970,2022-08-28,476248.8,640669.94,401.0329166666667,24.642,13.092,19.071169,49113.824,44796.086,0.0,0.0,0.0,9.659814,16.56
971,2022-08-29,608436.21,521058.57,658.4104166666667,25.842,12.792001,19.246168,48905.445,44116.93,0.0,0.0,0.0,13.479583,29.88
972,2022-08-30,649566.22,534761.58,660.23625,20.192,14.442,16.306583,48697.195,461.1282,12.5,12.5,0.0,14.512064,32.039997
973,2022-08-31,766330.52,518661.76,604.4908333333334,20.792,12.092,16.535751,48487.63,43838.285,0.4,0.4,0.0,13.1041975,30.239998
974,2022-09-01,645652.77,554716.0599999999,571.1979166666666,20.542,9.942,15.600334,48276.6,44208.32,0.0,0.0,0.0,16.263872,37.079998
975,2022-09-02,607050.55,722727.5,422.2525,20.741999,10.042001,15.737832,48064.25,36723.355,3.1000001,3.1000001,0.0,9.673221,26.28
976,2022-09-03,436509.61,759989.28,287.75124999999997,23.192,12.342,17.633665,47850.72,40659.71,0.2,0.2,0.0,9.885262,18.72
977,2022-09-04,468127.94,640876.5,242.71208333333334,24.792,12.892,19.008665,47636.156,43098.93,0.0,0.0,0.0,9.826088,19.44
978,2022-09-05,599170.42,713071.58,357.45374999999996,25.092,13.742001,19.52325,47420.69,41564.99,0.0,0.0,0.0,11.090103,24.48
979,2022-09-06,613177.12,703781.7,417.26875,26.741999,14.642,19.983665,47204.465,40287.117,1.7,1.7,0.0,11.440978,28.8
980,2022-09-07,659778.11,506199.67,462.47166666666664,20.892,13.642,17.260752,46987.61,18506.127,9.9,9.9,0.0,19.602652,41.760002
981,2022-09-08,650490.96,530832.9400000001,443.51708333333335,21.342,11.292001,15.0545,46770.25,41406.38,10.1,10.1,0.0,14.84318,36.719997
982,2022-09-09,614447.47,547042.2,345.7,17.642,10.392,13.53575,46552.523,18968.0,4.7999997,4.7999997,0.0,15.034041,36.36
983,2022-09-10,551203.14,444464.42,404.31791666666663,18.792,12.042001,14.981582,46334.55,35521.18,1.7000002,1.7000002,0.0,13.854155,33.12
984,2022-09-11,552548.43,363247.74,391.4891666666667,20.542,9.492001,14.756583,46116.457,26832.025,0.0,0.0,0.0,7.928178,14.04
985,2022-09-12,604860.52,481135.67,408.0308333333333,21.792,9.892,16.319082,45898.367,34476.492,0.2,0.2,0.0,12.599998,28.8
986,2022-09-13,615259.96,625384.21,392.36999999999995,22.442,15.592,17.523249,45680.402,4956.311,21.5,21.5,0.0,19.839235,39.239998
987,2022-09-14,645701.36,424369.37,455.81375,17.042,11.042001,15.329501,45462.688,2663.28,10.800001,10.800001,0.0,21.325253,42.48
988,2022-09-15,591175.99,683284.54,369.36583333333334,14.392,8.842,12.185752,45245.332,21121.637,1.5000001,1.5000001,0.0,17.731598,37.8
989,2022-09-16,459204.83,905911.59,201.1966666666667,12.142,7.542,9.102416,45028.465,15638.709,7.0999994,7.0999994,0.0,21.758419,48.6
990,2022-09-17,310940.92,917101.47,68.76666666666667,10.342,7.092,8.687833,44812.203,4325.323,14.5,14.5,0.0,24.122683,51.839996
991,2022-09-18,303377.33,894039.44,77.93208333333332,12.442,6.092,9.121167,44596.668,27429.871,3.4999998,3.4999998,0.0,24.079666,51.12
992,2022-09-19,497384.73,783042.09,261.68375,12.642,5.592,9.077416,44381.75,20910.09,2.3999996,2.3999996,0.0,16.363178,36.0
993,2022-09-20,674637.25,489172.04,363.425,14.142,1.8920001,8.196166,44165.99,39611.113,0.0,0.0,0.0,8.209263,18.72
994,2022-09-21,715179.43,409306.07,379.94041666666664,15.142,1.292,8.844084,43949.203,39269.133,0.0,0.0,0.0,9.422101,17.28
995,2022-09-22,710980.57,442033.82,387.8904166666666,15.842,2.692,9.477418,43731.527,40021.016,0.0,0.0,0.0,9.659814,24.48
996,2022-09-23,713982.66,475285.28,368.3316666666667,16.342,5.942,10.998252,43513.1,33316.266,1.3000001,1.3000001,0.0,8.759178,21.24
997,2022-09-24,610009.84,391400.54,351.1145833333333,16.042,8.242001,11.037835,43294.047,14039.133,5.6000004,5.6000004,0.0,11.592895,27.359999
998,2022-09-25,566875.58,383088.63,276.50416666666666,14.742001,9.292001,11.581585,43074.5,37617.234,0.8,0.8,0.0,14.512064,32.399998
999,2022-09-26,512806.33,810246.85,245.92499999999998,11.192,7.292,9.519084,42854.594,19237.004,5.899999,5.899999,0.0,22.881956,52.92
1000,2022-09-27,595851.99,626253.25,310.2083333333333,11.842,4.842,8.017,42634.453,17289.11,5.9,5.9,0.0,18.806337,41.039997
1001,2022-09-28,695595.42,369312.64,386.1991666666667,12.842,2.5419998,7.9482512,42414.215,23146.273,0.3,0.3,0.0,9.0645685,21.96
1002,2022-09-29,701047.32,365897.57,417.13708333333335,14.692,3.842,9.454499,42194.008,30299.812,0.0,0.0,0.0,7.8954163,18.72
1003,2022-09-30,622108.88,528021.39,315.48625,12.442,4.992,9.150334,41973.965,4441.755,7.1,7.1,0.0,23.4,47.16
1004,2022-10-01,299598.81,952872.44,82.82041666666667,12.692,10.092,11.112834,41754.215,0.0,10.3,10.3,0.0,16.700275,33.839996
1005,2022-10-02,330976.94,853770.0,114.74583333333334,13.042001,7.092,9.946167,41534.89,16970.24,0.3,0.3,0.0,16.489416,35.64
1006,2022-10-03,447002.98,671379.26,209.34916666666666,15.292001,3.942,9.369083,41316.133,29135.883,0.0,0.0,0.0,9.178235,21.24
1007,2022-10-04,556979.42,635641.7,246.30624999999998,19.092,5.742,11.958667,41098.07,34791.516,0.0,0.0,0.0,11.165805,23.759998
1008,2022-10-05,422437.83,954190.54,103.19,17.042,7.742,13.279499,40880.848,31016.855,0.2,0.2,0.0,16.203999,33.839996
1009,2022-10-06,476428.7,875510.86,100.79875,18.042,5.692,11.829498,40664.598,36046.703,0.0,0.0,0.0,9.793059,14.759999
1010,2022-10-07,551411.23,724576.06,163.89000000000001,16.741999,7.592,12.28575,40449.46,23319.117,0.3,0.3,0.0,18.844202,39.96
1011,2022-10-08,499228.69,735507.0700000001,145.33791666666667,14.942,3.2419999,9.239917,40235.59,36000.0,0.5,0.5,0.0,14.408997,32.399998
1012,2022-10-09,458869.08,601059.33,146.72458333333333,17.092,7.192,11.34825,40022.88,33327.938,3.6999998,3.6999998,0.0,9.339208,23.4
1013,2022-10-10,567715.89,734837.23,162.09,14.992001,8.442,11.6545,39809.715,708.5818,0.4,0.4,0.0,10.948973,21.599998
1014,2022-10-11,677439.95,486059.26,259.87375000000003,16.942,7.6419997,12.037833,39595.902,29236.041,0.2,0.2,0.0,7.7043357,18.72
1015,2022-10-12,707606.44,401749.01,282.5358333333333,15.092,6.6419997,10.894082,39381.6,3289.1707,2.6000001,2.6000001,0.0,11.542478,25.199999
1016,2022-10-13,722295.95,424974.47,257.4558333333334,16.292,8.592,12.483666,39166.96,28356.574,2.3999999,2.3999999,0.0,12.144331,28.08
1017,2022-10-14,695618.42,394621.15,260.6458333333333,17.342,12.442,14.187833,38952.13,10222.359,7.2,7.2,0.0,13.441071,31.319998
1018,2022-10-15,490775.11,558029.54,156.63458333333332,20.991999,12.042001,15.610748,38737.273,33376.07,0.5,0.5,0.0,9.693296,28.8
1019,2022-10-16,426307.44,659909.18,95.86083333333333,21.342,9.692,15.117001,38522.543,34660.848,0.0,0.0,0.0,9.339208,21.96
1020,2022-10-17,582641.64,658852.65,152.60625000000002,20.592,9.092,13.708668,38308.105,20645.379,0.8,0.8,0.0,18.057508,43.199997
1021,2022-10-18,662223.18,464259.71,183.17541666666668,14.492001,7.3919997,10.837834,38094.125,30966.742,0.0,0.0,0.0,13.084402,24.48
1022,2022-10-19,621154.7,447096.8,168.45374999999999,15.392,4.192,9.706585,37880.766,27192.393,0.0,0.0,0.0,12.397806,28.08
1023,2022-10-20,511213.67,800548.99,140.21791666666667,15.292001,8.642,11.350334,37668.207,10255.207,3.8999999,3.8999999,0.0,14.168641,26.64
1024,2022-10-21,597797.74,475390.75,163.45000000000002,17.442,8.592,12.57325,37456.617,27351.416,2.0,2.0,0.0,15.745627,34.2
1025,2022-10-22,446789.94,520560.26,139.86708333333334,16.392,8.442,12.169084,37246.176,23897.926,0.1,0.1,0.0,13.479583,27.72
1026,2022-10-23,393428.53,577113.67,95.75041666666668,17.991999,11.292001,13.433666,37037.062,4726.9707,1.9000001,1.9000001,0.0,14.118243,29.16
1027,2022-10-24,402698.01,926427.8200000001,80.61541666666666,15.842,7.542,12.100333,36829.473,31815.734,2.1,2.1,0.0,16.946787,35.28
1028,2022-10-25,493839.95,716344.8,105.39708333333334,17.592,6.3919997,11.594083,36623.586,22231.178,0.70000005,0.70000005,0.0,10.948973,28.44
1029,2022-10-26,574638.17,529020.35,121.39583333333333,17.142,7.792,11.696166,36419.61,19410.191,0.0,0.0,0.0,9.983106,23.039999
1030,2022-10-27,516147.29,650160.57,124.68625000000002,18.192,8.742001,12.9795,36217.734,31795.58,0.0,0.0,0.0,11.792404,26.64
1031,2022-10-28,490246.28,693353.35,105.5175,19.192,8.942,13.596166,36018.18,29118.129,0.0,0.0,0.0,9.885262,19.44
1032,2022-10-29,443519.15,438473.3,101.06291666666668,19.692,9.442,13.84825,35820.863,29740.219,0.0,0.0,0.0,10.137692,19.08
1033,2022-10-30,450820.56,466770.18,116.5448,18.342,6.742,11.450334,35624.023,28328.93,0.0,0.0,0.0,8.287822,12.599999
1034,2022-10-31,533287.25,441255.38,145.2225,17.042,7.742,11.317001,35427.457,7200.0,0.2,0.2,0.0,15.459054,38.519997
1035,2022-11-01,368655.62,828171.89,68.855,13.842,3.692,9.017,35231.348,29595.867,0.0,0.0,0.0,19.803272,41.399998
1036,2022-11-02,417485.41,920949.0,71.97166666666666,11.992001,1.792,6.8649173,35035.887,23214.652,0.0,0.0,0.0,11.269782,25.56
1037,2022-11-03,491474.96,841831.68,103.00625000000001,9.492001,6.042,8.146167,34841.277,0.0,3.2999997,3.2999997,0.0,15.517629,30.960001
1038,2022-11-04,630126.46,583497.95,178.53708333333336,9.942,2.342,6.1045,34647.715,16257.595,0.3,0.3,0.0,9.178235,21.96
1039,2022-11-05,492447.3,593707.5,132.28708333333333,8.342,2.942,5.3107505,34455.406,16311.98,0.1,0.1,0.0,15.277749,30.599998
1040,2022-11-06,321755.4,853358.06,51.09375,13.392,6.492,9.610751,34264.562,25329.46,0.5,0.5,0.0,16.42247,35.28
1041,2022-11-07,445130.7,910796.38,76.09541666666667,12.492001,3.592,7.5815845,34075.406,29150.75,0.0,0.0,0.0,11.113451,24.119999
1042,2022-11-08,473080.74,889783.71,95.15458333333333,13.192,5.592,8.985751,33888.156,17468.258,5.7999997,5.7999997,0.0,12.43434,24.48
1043,2022-11-09,503361.2,871852.43,126.71875,12.142,3.892,9.062834,33703.04,14164.833,2.3,2.3,0.0,13.679999,28.8
1044,2022-11-10,524753.96,839509.14,137.25083333333333,10.092,1.192,4.6711664,33520.29,22441.354,0.0,0.0,0.0,8.049845,16.199999
1045,2022-11-11,561565.8,732560.09,125.37583333333333,10.442,1.692,5.006583,33340.15,23905.514,0.0,0.0,0.0,8.209263,11.5199995
1046,2022-11-12,631264.5,365261.62,162.25416666666666,10.442,-0.508,4.93575,33162.863,28675.914,0.0,0.0,0.0,13.708391,26.64
1047,2022-11-13,609542.28,522914.21,144.88333333333333,11.392,2.4919999,5.733667,32988.676,28531.078,0.0,0.0,0.0,13.397612,26.28
1048,2022-11-14,706083.22,680617.16,160.79666666666665,11.992001,1.492,5.5503335,32817.855,28437.498,0.0,0.0,0.0,10.495713,18.359999
1049,2022-11-15,708653.46,615936.63,177.28875000000002,7.1419997,2.7419999,4.183667,32650.65,101.35025,5.0000005,5.0000005,0.0,10.195057,19.44
1050,2022-11-16,649334.11,730265.08,143.75666666666666,9.392,3.4919999,6.375334,32487.342,4114.828,5.0,5.0,0.0,15.1884165,30.239998
1051,2022-11-17,555603.4,919276.05,99.89708333333334,7.792,2.142,5.7669997,32328.197,0.0,16.599998,16.599998,0.0,12.24,30.239998
1052,2022-11-18,731065.5700000001,623675.2,171.03333333333333,1.8920001,-2.908,-0.7413333,32173.229,3600.0,4.0,0.0,2.7999997,10.30883,21.24
1053,2022-11-19,738543.65,409388.77,198.6208333333333,4.592,-2.808,1.7940831,32020.78,0.0,2.8,1.9,0.63,17.447933,35.28
1054,2022-11-20,715338.79,354207.34,210.28291666666667,5.742,-0.258,3.2044995,31870.668,18442.148,4.9999995,2.9999998,1.4,22.077717,46.079998
1055,2022-11-21,774510.55,464381.78,253.81916666666666,6.592,0.041999996,2.9211664,31723.092,2993.8464,0.3,0.3,0.0,11.726277,24.48
1056,2022-11-22,717271.98,695399.46,203.87875,6.742,0.492,2.9586666,31578.258,26808.918,0.5,0.5,0.0,11.119281,21.24
1057,2022-11-23,737783.51,690174.74,177.98041666666666,7.1419997,0.992,5.0649166,31436.348,5303.1523,3.3999996,3.3999996,0.0,17.057314,38.16
1058,2022-11-24,759594.9,558696.93,237.4625,7.042,-1.6079999,2.925333,31297.59,19368.037,0.5,0.5,0.0,12.413476,24.48
1059,2022-11-25,782468.86,524073.11,257.9266666666667,7.1419997,1.6420001,4.6544995,31162.182,2979.3684,0.0,0.0,0.0,12.303366,26.64
1060,2022-11-26,772116.79,407373.11,239.17333333333332,3.092,-1.458,0.9003334,31030.348,0.0,0.0,0.0,0.0,11.090103,23.759998
1061,2022-11-27,625013.81,617821.1,146.64916666666667,3.342,0.392,1.8295001,30902.295,0.0,0.5,0.5,0.0,10.691453,20.880001
1062,2022-11-28,819705.16,553744.55,291.63666666666666,4.492,1.792,3.0294998,30778.256,0.0,5.0999994,5.0999994,0.0,9.422101,19.44
1063,2022-11-29,944570.97,276475.98,371.6425,2.942,0.742,2.1399167,30658.443,667.3792,0.4,0.4,0.0,8.825508,19.8
1064,2022-11-30,993846.43,272784.85,393.70208333333335,4.992,-0.45799997,1.9419999,30543.084,24830.355,0.3,0.3,0.0,9.83268,20.519999
1065,2022-12-01,1007189.3300000001,279179.49,394.355,2.042,0.292,0.82949996,30432.404,0.0,6.4,0.6,4.0600004,9.904906,22.319998
1066,2022-12-02,933185.33,463246.18,339.20166666666665,2.692,-0.8579999,0.47325003,30326.639,13528.608,0.0,0.0,0.0,11.183201,23.4
1067,2022-12-03,836929.99,448977.56,281.92041666666665,6.192,0.392,2.9274166,30226.018,17276.89,0.1,0.1,0.0,13.044722,27.359999
1068,2022-12-04,782196.58,460213.55,268.505,3.892,2.642,3.1669996,30130.77,0.0,1.4000001,1.4000001,0.0,8.78872,18.359999
1069,2022-12-05,930161.33,402470.06,341.25916666666666,3.5419998,1.192,2.1649168,30041.125,0.0,0.70000005,0.70000005,0.0,14.512064,31.68
1070,2022-12-06,970685.7,324810.06,386.44416666666666,2.7919998,0.09200001,1.3545002,29957.32,1568.9657,0.70000005,0.3,0.28,16.919998,35.28
1071,2022-12-07,917456.05,570465.91,324.8254166666667,2.592,-3.408,0.35033333,29879.586,371.07376,0.0,0.0,0.0,12.229406,25.56
1072,2022-12-08,980977.16,367074.0,387.5275,2.392,-4.258,-1.568417,29808.002,14400.0,0.0,0.0,0.0,10.587917,21.96
1073,2022-12-09,961492.39,291031.36,411.0420833333333,1.742,-3.658,-0.9788332,29741.69,5956.6196,0.0,0.0,0.0,10.464798,20.519999
1074,2022-12-10,910652.6,256425.84,354.6425,-1.458,-4.058,-2.8871667,29680.533,281.56107,0.4,0.0,0.28,13.339445,25.919998
1075,2022-12-11,900436.9,253180.25,326.7654166666667,-1.158,-8.108,-4.220501,29624.586,24167.617,0.2,0.0,0.14,15.1884165,35.28
1076,2022-12-12,1009725.17,298999.87,433.93333333333334,-1.6579999,-9.507999,-6.412165,29573.922,24768.902,0.0,0.0,0.0,10.365251,18.72
1077,2022-12-13,1009222.83,414644.4,444.4766666666667,-2.2580001,-6.058,-3.9267502,29528.604,48.37681,3.2999997,0.0,2.31,10.829958,25.199999
1078,2022-12-14,1003634.74,407679.71,443.87583333333333,-0.10800001,-5.708,-3.358,29488.688,20722.213,0.0,0.0,0.0,12.10157,22.68
1079,2022-12-15,953475.29,430190.22,396.96250000000003,-0.55799997,-3.908,-2.3121667,29454.232,218.24603,3.5999994,0.0,2.52,13.276144,27.0
1080,2022-12-16,960270.37,290073.56,411.31375,-1.208,-8.108,-4.66425,29425.297,19994.975,0.0,0.0,0.0,9.255571,17.28
1081,2022-12-17,860404.65,368124.6,268.9691666666667,-4.008,-10.558,-7.712166,29401.916,19980.09,0.0,0.0,0.0,10.009036,21.599998
1082,2022-12-18,725633.95,606841.52,189.75958333333335,-0.8579999,-6.808,-3.1350832,29384.156,7667.8037,0.0,0.0,0.0,13.37825,29.88
1083,2022-12-19,653079.4400000001,867027.42,191.9275,2.192,-3.358,-0.8975835,29372.05,11759.387,0.0,0.0,0.0,13.1041975,26.28
1084,2022-12-20,610717.54,856214.0,185.8216666666667,5.1419997,-0.80799997,1.837833,29365.64,1754.7155,5.8999996,5.8999996,0.0,12.682018,24.48
1085,2022-12-21,669995.65,620575.89,214.60041666666666,9.742001,1.542,6.5253334,29364.96,3600.0,9.500001,9.500001,0.0,27.466372,58.679996
1086,2022-12-22,615517.73,692166.72,192.63708333333332,10.792001,5.842,7.7107506,29370.047,0.0,15.999999,15.999999,0.0,26.67889,56.519997
1087,2022-12-23,628111.27,500837.85,185.88875,9.542001,4.942,7.6253333,29380.926,7040.9854,0.3,0.3,0.0,23.411074,46.079998
1088,2022-12-24,477666.01,634955.61,111.86666666666667,8.942,3.692,6.1503334,29397.621,21306.371,0.1,0.1,0.0,12.074766,24.119999
1089,2022-12-25,362176.44,580137.85,106.01125,9.692,5.242,8.327416,29420.154,0.0,7.0999994,7.0999994,0.0,24.248613,51.48
1090,2022-12-26,307673.46,880105.3099999999,40.5325,6.742,-1.8579999,2.487833,29448.533,12511.951,0.6,0.6,0.0,23.469128,49.68
1091,2022-12-27,365960.07,911387.99,91.73416666666667,6.792,-1.8579999,2.9586666,29482.79,10800.0,0.0,0.0,0.0,14.205182,28.08
1092,2022-12-28,288659.62,1020728.28,45.897083333333335,11.242001,3.442,7.7982497,29522.982,18663.264,0.4,0.4,0.0,18.875126,42.12
1093,2022-12-29,300034.98,1023018.47,13.57875,8.492001,3.392,6.0503325,29569.545,17391.898,7.3,7.3,0.0,18.681883,37.8
1094,2022-12-30,284350.02,979582.01,14.625416666666666,16.342,9.142,11.94825,29622.412,22561.166,0.70000005,0.70000005,0.0,19.134262,39.6
1095,2022-12-31,230450.27,953465.27,-0.7920833333333333,15.592,5.792,10.771167,29681.42,24325.482,0.0,0.0,0.0,14.658676,28.8
1096,2023-01-01,217439.32,836132.03,14.913333333333334,12.992001,4.442,8.567,29746.393,24673.975,0.1,0.1,0.0,16.75064,33.12
1097,2023-01-02,422820.82,825013.11,123.82,8.592,0.09200001,5.6670003,29817.148,7360.7686,0.0,0.0,0.0,15.542662,33.12
1098,2023-01-03,587351.06,616717.61,145.95458333333332,8.892,-0.20799997,5.014917,29893.518,0.0,2.0,2.0,0.0,26.415268,52.92
1099,2023-01-04,325506.66,1207254.75,58.94166666666666,9.792001,6.692,8.5545,29975.314,22008.027,1.4000001,1.4000001,0.0,29.957968,60.479996
1100,2023-01-05,480085.88,844631.49,107.45541666666666,9.792001,6.1419997,8.256583,30062.36,3566.164,0.3,0.3,0.0,15.745627,34.56
1101,2023-01-06,465942.38,812102.0,117.47333333333334,9.292001,2.392,5.4128337,30154.473,15675.104,0.0,0.0,0.0,13.627795,28.44
1102,2023-01-07,316138.38,764092.93,88.80874999999999,6.1419997,0.742,2.7524166,30251.469,3600.0,1.2,1.2,0.0,12.10157,24.119999
1103,2023-01-08,305254.95,778054.26,68.94166666666668,6.442,2.192,4.287833,30353.176,2361.1514,2.5000002,2.4000003,0.07,22.314192,44.639996
1104,2023-01-09,564843.35,705450.18,129.29166666666666,4.842,0.342,3.0794995,30459.406,13369.042,0.9000001,0.9000001,0.0,20.172853,41.760002
1105,2023-01-10,621930.4,771753.15,123.13041666666668,8.092,0.242,5.0315833,30569.98,0.0,5.3,5.3,0.0,18.03237,36.719997
1106,2023-01-11,506056.37,955523.42,84.08083333333333,8.442,4.842,6.6711655,30684.715,0.0,0.90000004,0.90000004,0.0,22.218153,47.88
1107,2023-01-12,366229.92,1203973.5,70.74291666666666,8.942,4.592,7.150333,30803.443,3926.5884,3.7,3.7,0.0,21.407139,48.96
1108,2023-01-13,336801.88,1192003.8,66.64208333333333,6.942,3.942,5.4690833,30925.982,3600.0,3.0,3.0,0.0,19.855558,39.96
1109,2023-01-14,264566.34,1136838.22,29.344166666666666,9.192,0.342,5.637833,31052.152,0.0,9.8,9.8,0.0,24.863466,48.96
1110,2023-01-15,274599.32,1135946.44,9.259166666666667,5.592,-1.758,1.7920002,31181.795,19466.682,0.2,0.2,0.0,22.183128,44.28
1111,2023-01-16,589478.05,867999.53,128.74875,3.942,-0.80799997,1.3357501,31314.729,25452.008,0.6,0.10000001,0.35000002,22.288042,45.0
1112,2023-01-17,724377.32,755649.63,133.56666666666666,1.442,-1.408,0.14825003,31451.025,1157.9915,0.6,0.0,0.42,14.618837,29.88
1113,2023-01-18,829843.3,552535.2,143.75625,0.592,-4.1080003,-1.5163335,31592.172,18.802914,0.1,0.0,0.07,12.682018,28.44
1114,2023-01-19,829050.02,694368.8200000001,148.21375,1.542,-3.6080003,-1.0705001,31738.219,6957.36,1.7000002,0.0,1.19,11.966953,26.28
1115,2023-01-20,934825.76,302208.26,180.65958333333333,0.392,-3.8580003,-1.47675,31888.871,168.96149,0.9000001,0.0,0.63,19.829433,41.039997
1116,2023-01-21,819217.3,503327.98,144.39166666666668,1.292,-2.658,-0.7184167,32043.861,3528.9048,2.0,0.0,1.4000001,9.085988,19.8
1117,2023-01-22,831529.23,427236.85,151.15083333333334,3.692,-0.80799997,0.7524166,32202.908,5319.908,0.1,0.0,0.07,18.440998,40.68
1118,2023-01-23,974106.53,306689.22,202.73416666666665,3.092,0.592,1.4253334,32365.754,401.78284,0.0,0.0,0.0,14.021525,29.16
1119,2023-01-24,983581.73,273532.82,202.69291666666666,1.242,-0.658,0.342,32532.121,151.51222,0.0,0.0,0.0,10.041354,20.880001
1120,2023-01-25,1012862.58,288934.14,181.7420833333333,0.242,-1.408,-0.7121668,32701.76,0.0,0.1,0.0,0.07,6.989936,16.56
1121,2023-01-26,986892.4299999999,331374.31,167.66875000000002,1.042,-1.758,-0.79550004,32874.418,3092.1465,2.0000002,0.0,1.4000001,11.525623,22.68
1122,2023-01-27,949732.91,390327.21,168.76125,0.742,-3.9580002,-0.66008335,33049.844,0.0,0.1,0.0,0.07,11.966953,25.199999
1123,2023-01-28,882599.27,308295.27,144.69875,-0.70799994,-6.708,-3.6892502,33227.8,28223.031,0.0,0.0,0.0,9.605998,18.0
1124,2023-01-29,564602.63,678664.44,123.58791666666667,1.942,-3.6080003,0.20866664,33408.047,0.0,2.4999995,0.5,1.47,27.36947,55.44
1125,2023-01-30,505237.51,1010227.02,74.21375,2.392,1.042,1.8399166,33590.363,5300.077,1.9000001,1.0000001,0.63,25.171696,50.76
1126,2023-01-31,526035.22,996891.51,117.32166666666667,5.042,1.542,3.0211666,33774.51,11650.434,7.1,4.7,1.6800001,30.978832,62.639996
1127,2023-02-01,476028.67,1143870.83,93.07791666666667,3.692,1.042,1.971167,33960.285,0.0,33.199997,12.199999,14.7,27.757376,62.279995
1128,2023-02-02,660790.38,830674.75,136.14666666666668,5.442,3.7919998,4.752417,34147.465,0.0,11.599999,11.599999,0.0,33.636406,71.64
1129,2023-02-03,539836.58,1127100.21,102.61083333333333,4.692,-3.358,1.8565832,34335.84,18563.383,0.3,0.3,0.0,26.42753,54.0
1130,2023-02-04,666312.05,433327.82,146.01125,1.942,-4.808,-2.2100832,34525.21,20078.742,0.0,0.0,0.0,8.891344,18.359999
1131,2023-02-05,611330.15,467167.14,131.36666666666667,1.092,-5.908,-2.968417,34715.375,17300.781,1.5999999,0.0,1.12,11.720751,21.96
1132,2023-02-06,885601.23,325818.66,172.96333333333334,2.442,-6.3580003,-3.262167,34906.43,30799.352,0.0,0.0,0.0,12.313894,22.68
1133,2023-02-07,908226.35,426850.6,172.9225,1.842,-7.208,-3.6267498,35100.203,31010.8,0.0,0.0,0.0,14.917212,33.12
1134,2023-02-08,865191.28,581690.23,152.10458333333335,1.742,-6.808,-3.5663345,35296.85,31224.934,0.0,0.0,0.0,11.269782,26.28
1135,2023-02-09,796486.65,735669.96,132.54458333333335,2.092,-7.458,-2.4538333,35496.145,15046.254,0.0,0.0,0.0,9.387651,17.28
1136,2023-02-10,749462.17,763625.85,125.92291666666667,3.592,-2.658,0.9774166,35697.844,8113.527,0.1,0.0,0.07,12.641076,25.56
1137,2023-02-11,595807.99,803031.28,106.26791666666666,7.042,-0.658,3.2107499,35901.727,6492.23,0.1,0.1,0.0,11.841756,22.68
1138,2023-02-12,777089.99,335408.47000000003,136.30875,7.092,-2.2580001,1.0753332,36107.574,20230.02,0.0,0.0,0.0,9.686609,15.84
1139,2023-02-13,935125.93,335828.41,163.49625,4.142,-3.2580001,0.37324998,36315.164,20319.13,0.0,0.0,0.0,7.5170207,15.4800005
1140,2023-02-14,963978.17,325196.64,154.49291666666667,3.342,-4.3580003,-1.7559167,36524.297,25576.527,0.0,0.0,0.0,10.630672,25.919998
1141,2023-02-15,910422.17,413349.92,143.52125,9.442,-4.6080003,1.3169998,36734.766,32384.684,0.0,0.0,0.0,9.0,21.599998
1142,2023-02-16,789328.06,690248.2,136.73125000000002,10.242001,3.892,7.2899175,36946.37,0.0,1.5000002,1.5000002,0.0,26.009842,52.199997
1143,2023-02-17,417738.76,1140702.23,81.14916666666666,11.192,7.942,9.335752,37158.918,8756.957,3.1999998,3.1999998,0.0,32.76198,65.159996
1144,2023-02-18,351693.52,939848.55,94.67291666666667,9.042001,5.8919997,7.577417,37372.215,15993.892,4.2,4.2,0.0,26.727423,56.88
1145,2023-02-19,393689.88,660680.75,114.05416666666667,11.692,5.092,7.5669994,37586.07,21989.742,0.0,0.0,0.0,22.963936,49.68
1146,2023-02-20,416129.88,1142098.06,61.41708333333333,12.492001,4.492,7.5899167,37800.316,25709.688,0.0,0.0,0.0,17.555305,36.0
1147,2023-02-21,664577.05,672319.23,122.44583333333333,13.192,1.392,6.452417,38014.766,28496.926,0.0,0.0,0.0,8.161764,17.28
1148,2023-02-22,853033.59,412427.88,148.64791666666667,10.842,3.392,6.77325,38229.246,17007.354,0.6,0.6,0.0,8.707238,21.24
1149,2023-02-23,875031.5,404464.26,146.12041666666667,8.792001,2.2419999,6.3815837,38443.58,12945.947,1.4000001,1.4000001,0.0,19.443333,40.68
1150,2023-02-24,665027.96,804150.55,118.3025,3.592,-2.4580002,1.2253332,38657.6,7783.4287,3.2,1.2,1.47,24.535524,49.68
1151,2023-02-25,440433.31,910390.82,89.29041666666667,1.742,-4.458,-1.7496667,38871.145,31257.668,0.5,0.0,0.35000002,23.847115,50.399998
1152,2023-02-26,484217.37,649868.1900000001,109.82208333333334,1.092,-4.458,-1.8330003,39084.312,25750.818,0.0,0.0,0.0,18.388212,39.6
1153,2023-02-27,840355.94,470870.63,152.27458333333334,2.892,-3.808,-0.73925,39298.836,34231.176,0.0,0.0,0.0,17.227419,38.16
1154,2023-02-28,843795.85,486461.3,148.045,6.442,-3.0080001,1.0190834,39514.926,35654.97,0.0,0.0,0.0,19.33639,40.32
1155,2023-03-01,816640.89,515739.38,142.96833333333333,10.192,-0.308,3.7982504,39732.41,35598.082,0.0,0.0,0.0,15.716793,35.64
1156,2023-03-02,822410.0,483962.07,144.30666666666667,9.942,-2.558,2.7670002,39951.133,36170.65,0.0,0.0,0.0,11.659777,23.4
1157,2023-03-03,799951.18,488686.61,136.76375,2.592,-4.158,-0.49133337,40170.93,7284.5,0.1,0.0,0.07,16.923828,35.64
1158,2023-03-04,562084.26,719085.95,107.47166666666668,3.592,-0.95799994,1.3878332,40391.64,14116.42,0.2,0.0,0.14,16.375053,36.719997
1159,2023-03-05,618123.67,540298.0599999999,121.78666666666668,4.692,-1.308,1.3586665,40613.12,17199.55,0.70000005,0.0,0.48999998,20.617662,43.92
1160,2023-03-06,827906.42,487596.43,150.67291666666668,5.742,-0.058,2.68575,40835.22,125.3223,0.6,0.2,0.28,21.26744,47.16
1161,2023-03-07,639179.26,919104.55,106.86791666666666,8.142,0.842,4.194083,41057.773,0.0,16.8,14.099999,1.89,21.413193,47.16
1162,2023-03-08,849717.62,413885.32,138.89041666666665,11.292001,5.3919997,8.400333,41280.652,13527.785,15.400001,15.400001,0.0,29.195534,68.76
1163,2023-03-09,748849.03,501457.98,127.19916666666667,11.642,2.692,7.6940837,41503.695,24361.582,9.9,9.9,0.0,32.59939,65.88
1164,2023-03-10,552798.42,828896.02,115.61375,2.392,-1.308,0.72325,41726.77,12114.631,1.1,0.099999994,0.7,34.201893,70.92
1165,2023-03-11,463422.6,719008.98,98.605,6.242,-3.058,1.7586666,41949.723,760.4491,0.4,0.4,0.0,14.003029,32.399998
1166,2023-03-12,355610.47,698866.8,95.53250000000001,16.692,5.6419997,10.073249,42172.418,18343.762,5.4,5.4,0.0,18.58451,62.279995
1167,2023-03-13,327007.51,1160567.27,37.13916666666667,12.942,2.442,8.346168,42394.71,21276.89,12.699999,12.199999,0.35,33.603645,67.32
1168,2023-03-14,405919.1,1056433.48,71.47958333333334,5.042,-2.108,1.91075,42616.457,28864.31,1.7,0.9000001,0.56,21.24305,47.16
1169,2023-03-15,595181.87,713042.84,127.72458333333333,6.3919997,-4.808,1.0961665,42837.51,38845.914,0.0,0.0,0.0,13.684735,32.039997
1170,2023-03-16,499550.69,880359.6,105.57458333333334,14.092,0.041999996,5.856583,43057.742,37767.43,0.0,0.0,0.0,11.212135,25.919998
1171,2023-03-17,459038.45,794142.69,92.34750000000001,15.442,0.592,7.783667,43276.996,39035.34,0.1,0.1,0.0,10.296251,18.359999
1172,2023-03-18,418629.65,538268.36,109.33749999999999,13.642,3.642,7.8649173,43495.38,16160.614,0.70000005,0.70000005,0.0,9.339208,21.96
1173,2023-03-19,463854.46,442917.04,111.99208333333333,11.742001,4.042,7.796167,43714.457,16949.22,1.0,1.0,0.0,13.084402,31.319998
1174,2023-03-20,652322.17,496428.9,125.17291666666667,15.192,4.592,9.677417,43934.453,27696.262,0.0,0.0,0.0,10.144082,24.119999
1175,2023-03-21,648650.53,561224.68,115.05250000000001,16.792,3.942,10.412833,44155.223,38787.414,0.0,0.0,0.0,16.45007,35.28
1176,2023-03-22,397643.04,964145.65,80.17791666666666,16.142,7.342,12.139918,44376.645,5953.093,0.2,0.2,0.0,24.606731,53.28
1177,2023-03-23,372779.06,935647.34,74.70958333333333,15.542001,8.642,11.942002,44598.582,7482.798,6.3,6.3,0.0,24.535526,57.239998
1178,2023-03-24,346533.31,992332.3200000001,53.115833333333335,11.042001,6.542,8.167001,44820.906,30559.113,5.2000003,5.0,0.14,29.17777,61.920002
1179,2023-03-25,254283.11000000002,1071174.19,14.66625,9.392,4.692,6.6357512,45043.492,11429.971,4.6,4.6,0.0,21.841648,43.56
1180,2023-03-26,249367.55,685932.0,70.62391304347825,5.692,0.492,3.7524164,45266.207,32400.0,2.4999998,2.1,0.28,24.912935,54.0
1181,2023-03-27,395670.73,915235.25,92.31833333333333,5.492,-1.558,1.8628331,45488.918,28099.354,0.0,0.0,0.0,22.86496,47.16
1182,2023-03-28,523420.44,702779.21,113.15125,12.042001,0.742,6.47325,45711.496,4643.9297,1.0000001,0.4,0.42000002,18.0036,36.36
1183,2023-03-29,561207.36,582097.92,116.53916666666667,14.692,7.442,10.554502,45933.81,11831.422,6.4,6.4,0.0,26.405453,61.920002
1184,2023-03-30,371658.92,989798.54,81.44083333333333,14.342,7.292,9.51075,46155.72,22573.805,7.8,7.8,0.0,23.664352,56.519997
1185,2023-03-31,384949.91,736154.4,97.59375,9.742001,6.942,8.000334,46377.082,3280.3652,5.7,5.7,0.0,26.089447,52.199997
1186,2023-04-01,272864.84,943137.25,55.76583333333334,7.342,2.4919999,5.9065824,46597.777,7310.1855,7.5,7.5,0.0,17.902534,38.16
1187,2023-04-02,308874.19,806098.45,67.33083333333333,6.792,0.592,3.0753334,46817.652,31568.613,0.2,0.0,0.14,16.323528,39.96
1188,2023-04-03,553750.84,662073.16,114.79791666666667,4.792,-2.158,1.592,47036.57,26616.793,0.0,0.0,0.0,13.441071,30.599998
1189,2023-04-04,650397.89,506838.18,132.06958333333333,6.292,-3.5080001,1.9628334,47254.38,39554.93,0.0,0.0,0.0,9.360001,20.519999
1190,2023-04-05,672808.82,459823.83,140.97166666666666,10.492001,-2.308,3.6420002,47470.938,42233.56,0.0,0.0,0.0,8.942214,20.880001
1191,2023-04-06,575071.25,639923.23,124.28458333333333,12.592,-2.2080002,4.989917,47686.094,42976.426,0.0,0.0,0.0,14.021525,27.359999
1192,2023-04-07,469025.08,620643.38,108.63041666666668,6.792,0.792,3.9628332,47899.92,6311.38,4.2000003,4.2000003,0.0,10.990322,23.759998
1193,2023-04-08,470272.3,354525.15,116.89416666666666,11.992001,0.09200001,5.700334,48113.94,42989.79,0.4,0.4,0.0,12.6462,25.56
1194,2023-04-09,346928.19,455612.66,105.0475,13.042001,-0.258,6.8211665,48328.344,43040.41,0.0,0.0,0.0,14.372974,32.760002
1195,2023-04-10,245682.72,914216.98,39.974583333333335,11.442,3.442,7.3545,48542.996,28844.604,5.3999996,5.3999996,0.0,27.219902,58.679996
1196,2023-04-11,321606.55,924606.99,59.98541666666667,9.392,1.842,6.3003335,48757.766,3897.0728,4.4,4.4,0.0,20.898611,42.48
1197,2023-04-12,411349.41000000003,755486.7,107.6925,10.142,3.7919998,7.2482505,48972.527,20541.424,0.70000005,0.70000005,0.0,17.057314,37.079998
1198,2023-04-13,445741.63,781236.5,108.41375,10.392,3.942,6.6795,49187.125,15318.018,2.5,2.5,0.0,16.923828,37.079998
1199,2023-04-14,570449.71,475953.58999999997,128.79583333333332,7.692,3.892,5.8732495,49401.434,0.0,8.300001,8.300001,0.0,15.580141,32.039997
1200,2023-04-15,402755.58,578467.95,106.79708333333333,12.742001,5.842,7.9878335,49615.297,12477.659,3.4999998,3.4999998,0.0,10.805998,23.4
1201,2023-04-16,431238.5,423729.85,110.09958333333333,12.242001,4.842,8.256584,49828.58,24742.088,0.8000001,0.8000001,0.0,17.418196,37.8
1202,2023-04-17,548685.14,538334.59,124.23583333333333,12.092,4.242,8.562834,50041.12,2041.0186,0.3,0.3,0.0,18.218275,38.88
1203,2023-04-18,521902.38,719946.04,108.22541666666666,11.092,1.992,6.6753335,50252.773,23925.967,3.1999998,3.1999998,0.0,19.64228,42.48
1204,2023-04-19,455303.04,878006.56,87.51583333333333,10.342,0.14199999,5.9295006,50463.375,8307.633,0.3,0.3,0.0,23.266697,48.239998
1205,2023-04-20,503271.47000000003,730230.78,111.70625,18.192,6.292,12.041999,50672.77,44349.06,0.0,0.0,0.0,16.62249,35.64
1206,2023-04-21,436787.5,914214.21,89.47500000000001,20.192,5.8919997,13.185749,50880.785,44224.723,0.1,0.1,0.0,10.97262,26.28
1207,2023-04-22,357108.42,790396.01,84.46708333333333,15.392,9.392,12.125335,51087.258,23020.908,8.2,8.2,0.0,11.631956,26.28
1208,2023-04-23,310478.04,586150.39,85.80083333333333,14.192,6.292,10.431583,51292.004,36117.805,0.2,0.2,0.0,26.700743,55.079998
1209,2023-04-24,396471.55,912913.35,104.60333333333334,10.592,3.2919998,7.1315827,51494.848,32894.67,1.4000001,1.4000001,0.0,19.64228,43.199997
1210,2023-04-25,513749.26,801198.76,100.99624999999999,9.742001,0.992,5.571167,51695.605,34318.33,0.0,0.0,0.0,13.708391,32.039997
1211,2023-04-26,526431.14,708391.4400000001,110.72083333333335,13.442,-0.95799994,7.4920006,51894.086,27763.562,0.0,0.0,0.0,8.669949,19.44
1212,2023-04-27,506616.67,541952.43,112.08583333333333,14.042001,6.442,9.81075,52090.324,255.64903,2.1999998,2.1999998,0.0,14.003029,28.08
1213,2023-04-28,488165.2,547801.71,106.00333333333333,15.442,8.142,12.275334,52285.797,30414.719,1.2,1.2,0.0,18.58451,41.039997
1214,2023-04-29,394239.33,590079.17,100.64625000000001,16.542,6.792,11.467,52480.668,46460.523,0.0,0.0,0.0,13.493999,27.359999
1215,2023-04-30,317318.48,572884.62,68.28666666666666,16.042,6.242,10.369083,52674.793,24659.982,1.6999999,1.6999999,0.0,13.979871,28.08
1216,2023-05-01,289157.27,538028.98,87.54916666666666,15.842,5.292,10.764918,52868.008,40674.125,2.4999998,2.4999998,0.0,12.313893,27.359999
1217,2023-05-02,369182.93,667184.02,106.10125,16.192,5.042,10.587834,53060.152,48813.633,0.0,0.0,0.0,12.074766,23.039999
1218,2023-05-03,388883.34,579018.72,107.79875,18.491999,4.792,11.929502,53251.074,49240.855,0.0,0.0,0.0,9.686609,25.199999
1219,2023-05-04,355733.29,710266.42,97.49958333333332,22.442,6.942,13.821166,53440.59,34941.176,4.2999997,4.2999997,0.0,14.372974,33.48
1220,2023-05-05,379468.13,807977.55,96.05,19.241999,10.642,15.02325,53628.543,45289.395,0.2,0.2,0.0,12.496719,27.0
1221,2023-05-06,335181.81,613489.1,89.52458333333334,19.342,9.342,14.131584,53814.734,43415.92,0.0,0.0,0.0,16.071491,33.48
1222,2023-05-07,287402.81,772689.6,66.9825,16.991999,7.1419997,12.156585,53998.992,47127.508,0.1,0.1,0.0,12.0694,28.08
1223,2023-05-08,377484.53,720027.97,96.3725,19.442,6.842,13.229499,54181.125,48171.465,0.0,0.0,0.0,15.034041,31.319998
1224,2023-05-09,382235.01,820859.15,94.63791666666667,15.342,10.292001,12.039917,54360.94,2083.6802,15.900002,15.900002,0.0,12.538134,26.28
1225,2023-05-10,442772.44,575641.93,107.89375,12.642,10.092,11.196167,54538.25,0.0,11.1,11.1,0.0,12.413476,30.960001
1226,2023-05-11,507119.82,426823.74,116.13541666666667,14.592,8.792001,11.689918,54712.836,17792.111,4.1000004,4.1000004,0.0,19.110542,44.28
1227,2023-05-12,403905.62,648578.99,100.50625000000001,14.692,8.292,11.554502,54884.5,26067.29,2.1000001,2.1000001,0.0,18.709612,39.6
1228,2023-05-13,259406.37,634169.54,78.35333333333334,16.292,6.942,11.746166,55053.02,43886.258,0.4,0.4,0.0,13.684735,29.16
1229,2023-05-14,272587.18,497322.51,72.0025,17.542,7.992,12.387834,55218.18,38769.734,5.2,5.2,0.0,12.096214,39.96
1230,2023-05-15,358038.49,603713.61,113.84041666666667,16.542,7.042,11.419084,55379.773,25627.688,0.8,0.8,0.0,20.991426,46.079998
1231,2023-05-16,332712.43,865017.62,79.29541666666667,12.542001,5.842,9.344084,55537.555,19100.594,0.1,0.1,0.0,14.587776,34.2
1232,2023-05-17,325017.77999999997,809386.74,78.58375,14.692,5.342,10.394084,55691.492,50515.785,0.0,0.0,0.0,15.937878,36.719997
1233,2023-05-18,262843.54,599442.6799999999,86.73416666666667,16.792,7.542,12.569084,55842.848,29261.6,0.0,0.0,0.0,16.808569,37.079998
1234,2023-05-19,252252.54,667205.04,87.28458333333333,22.142,10.892,16.271166,55991.734,44842.3,0.1,0.1,0.0,20.523155,43.56
1235,2023-05-20,196905.17,790691.54,46.80916666666667,24.991999,14.142,19.537834,56138.0,50532.95,0.0,0.0,0.0,20.304129,45.36
1236,2023-05-21,215596.85,733268.93,28.464166666666667,24.842,13.342,19.398249,56281.496,50501.086,0.0,0.0,0.0,11.874544,24.48
1237,2023-05-22,318654.35,715785.36,97.33125,20.792,12.692,16.510748,56422.047,47359.09,0.4,0.4,0.0,21.252197,46.8
1238,2023-05-23,318821.32,833755.8099999999,72.78541666666666,13.942,8.892,11.421166,56559.492,17890.984,0.0,0.0,0.0,13.684735,26.64
1239,2023-05-24,382100.93,582295.37,102.27333333333333,21.342,7.3919997,14.556583,56693.67,50975.13,0.0,0.0,0.0,13.0447235,29.88
1240,2023-05-25,320920.08,708176.29,81.64999999999999,21.592,9.642,15.76075,56824.414,49715.562,0.0,0.0,0.0,18.359999,39.96
1241,2023-05-26,251820.87,774703.23,69.98416666666667,21.142,11.242001,15.650333,56951.543,51639.344,0.0,0.0,0.0,14.05845,31.68
1242,2023-05-27,219611.35,640612.09,62.67166666666666,22.892,8.542001,16.09825,57074.88,51526.812,0.0,0.0,0.0,11.966953,27.0
1243,2023-05-28,190646.53,640937.99,26.55333333333333,23.692,10.392,17.514915,57194.26,51680.027,0.0,0.0,0.0,15.315873,32.760002
1244,2023-05-29,179894.04,759388.45,21.4525,22.991999,12.292001,17.481583,57309.492,50302.387,0.0,0.0,0.0,17.399586,37.079998
1245,2023-05-30,257041.03,681099.0,87.73875,22.991999,10.442,17.364916,57420.4,51999.934,0.0,0.0,0.0,17.462784,40.68
1246,2023-05-31,255572.16,765601.15,72.31750000000001,26.592,10.842,19.408665,57526.816,48077.258,0.0,0.0,0.0,13.202726,27.72
1247,2023-06-01,264305.93,794227.71,72.90041666666666,22.792,10.642,17.206585,57628.543,51646.17,0.0,0.0,0.0,17.148247,39.6
1248,2023-06-02,225839.18,720742.82,81.01666666666667,21.491999,10.342,16.169085,57725.395,52541.668,0.0,0.0,0.0,17.64,39.96
1249,2023-06-03,194415.29,715478.99,56.36708333333333,22.991999,9.442,17.227415,57817.2,51663.58,0.0,0.0,0.0,14.33234,33.48
1250,2023-06-04,189572.46,634855.97,49.67291666666667,21.842,12.492001,16.962833,57903.773,50233.77,3.8,3.8,0.0,20.478907,46.079998
1251,2023-06-05,283095.82,607512.21,90.75708333333334,19.142,11.742001,15.962833,57984.926,34230.945,1.4000001,1.4000001,0.0,10.931203,28.8
1252,2023-06-06,335505.86,549977.57,98.13916666666667,23.741999,10.992001,17.54408,58060.594,52115.676,1.2,1.2,0.0,13.513193,34.2
1253,2023-06-07,377519.75,540254.37,100.93083333333334,23.692,13.492001,18.125332,58131.383,48983.72,8.3,8.3,0.0,16.24394,38.16
1254,2023-06-08,276733.73,591541.85,84.51791666666666,25.542,12.342,19.406584,58197.375,49450.97,0.0,0.0,0.0,21.194187,44.28
1255,2023-06-09,265760.52,732123.99,86.68374999999999,24.442,14.592,19.781584,58258.527,51984.77,5.8,5.8,0.0,18.888851,43.92
1256,2023-06-10,201333.53,817739.5,55.1275,25.292,14.242001,19.871164,58314.742,52959.754,0.0,0.0,0.0,18.782204,41.399998
1257,2023-06-11,199671.32,841824.09,40.74666666666666,24.042,13.442,18.921167,58366.008,52994.277,0.0,0.0,0.0,18.692286,39.96
1258,2023-06-12,295991.98,819983.62,96.39875,23.342,10.992001,17.723251,58412.246,53117.383,0.0,0.0,0.0,16.904673,37.8
1259,2023-06-13,306247.43,853711.63,90.02708333333334,22.442,11.342,17.162832,58453.402,51023.83,0.0,0.0,0.0,13.896187,32.760002
1260,2023-06-14,346106.69,723640.94,102.93958333333335,23.292,10.142,17.241999,58489.434,52825.973,0.3,0.3,0.0,14.917212,33.12
1261,2023-06-15,431407.21,563543.53,120.30833333333334,22.092,8.542001,16.544083,58520.297,50436.45,0.5,0.5,0.0,20.61766,45.719997
1262,2023-06-16,472577.45,540876.56,127.52,24.892,10.792001,18.491999,58545.957,52579.277,0.0,0.0,0.0,17.31746,39.6
1263,2023-06-17,291691.7,513227.68,104.53833333333334,27.692,11.192,20.964916,58566.35,53159.074,0.0,0.0,0.0,7.968939,20.519999
1264,2023-06-18,285943.29,514153.85,93.02458333333334,28.042,14.992001,22.352417,58581.465,48991.64,0.0,0.0,0.0,10.97262,30.960001
1265,2023-06-19,420542.84,643335.78,116.97291666666666,30.292,17.292,24.181581,58591.254,44659.645,0.8,0.8,0.0,11.304229,31.319998
1266,2023-06-20,509943.82,574689.22,121.1475,28.991999,18.792,23.212835,58595.7,49136.652,0.7,0.7,0.0,19.011953,40.32
1267,2023-06-21,500618.96,614181.61,123.46916666666668,32.392002,17.192,23.785746,58594.766,43200.0,1.6000001,1.6000001,0.0,14.565548,34.92
1268,2023-06-22,526788.01,613774.28,125.71125,19.542,15.842,17.596167,58588.44,7319.816,3.2999992,3.2999992,0.0,31.353085,65.159996
1269,2023-06-23,403725.68,671543.9400000001,106.40625,25.142,14.442,19.642,58576.7,53110.03,0.0,0.0,0.0,13.830749,30.599998
1270,2023-06-24,269755.65,557594.39,81.81708333333334,27.792,12.442,20.521166,58559.53,53157.48,0.0,0.0,0.0,13.084402,29.16
1271,2023-06-25,244617.16,531221.66,75.48333333333333,30.542,15.292001,22.891998,58536.914,53140.387,0.0,0.0,0.0,20.570463,43.199997
1272,2023-06-26,287976.99,884807.39,97.48958333333333,21.142,15.442,18.383665,58508.816,25164.105,0.0,0.0,0.0,17.906157,39.239998
1273,2023-06-27,354312.31,790876.25,101.94625,21.892,11.942,17.31075,58474.902,47900.926,1.1,1.1,0.0,14.654254,32.760002
1274,2023-06-28,457457.34,579156.35,112.51583333333333,25.942,10.842,19.719082,58435.258,41559.35,0.1,0.1,0.0,8.4963045,20.880001
1275,2023-06-29,515204.24,475187.04,118.08083333333333,25.092,16.242,19.464914,58389.965,48816.78,7.2999997,7.2999997,0.0,17.373497,37.44
1276,2023-06-30,450727.23,431945.73,110.02666666666666,23.491999,13.392,18.914915,58339.168,41093.383,0.1,0.1,0.0,18.430452,44.639996
1277,2023-07-01,182339.71,831923.36,66.41458333333334,22.042,14.142,18.352415,58282.984,49121.95,0.0,0.0,0.0,24.48,52.92
1278,2023-07-02,183483.62,940768.39,-53.87083333333334,22.892,12.892,18.156582,58221.57,50528.617,0.0,0.0,0.0,24.36591,51.839996
1279,2023-07-03,243714.98,982108.9199999999,53.22083333333333,24.192,14.192,19.460747,58155.03,53030.5,0.0,0.0,0.0,17.902534,39.239998
1280,2023-07-04,296650.19,917262.98,85.12333333333333,22.392,12.992001,17.587833,58083.508,47681.125,3.6999998,3.6999998,0.0,24.149532,50.039997
1281,2023-07-05,272527.4,1063724.66,69.79916666666666,22.392,9.142,17.17325,58007.133,52985.344,0.3,0.3,0.0,10.041354,27.0
1282,2023-07-06,375084.27,686886.3,107.20458333333333,27.342,9.942,19.8295,57926.06,52959.375,0.0,0.0,0.0,10.446206,19.08
1283,2023-07-07,352769.98,594300.43,102.96791666666667,29.192,12.492001,22.023247,57840.41,52930.562,0.0,0.0,0.0,11.183201,17.28
1284,2023-07-08,252882.82,696180.66,82.19166666666666,31.491999,14.842,24.391998,57750.336,52899.574,0.0,0.0,0.0,9.531505,17.28
1285,2023-07-09,270092.13,635150.85,89.33208333333333,28.542,17.442,23.417,57655.95,52866.188,5.2999997,5.2999997,0.0,20.192118,46.44
1286,2023-07-10,395728.43,587011.8,113.98625,32.542,15.542001,24.650331,57557.41,47389.434,0.0,0.0,0.0,8.473393,22.319998
1287,2023-07-11,372274.79,681964.56,105.95791666666668,27.542,18.392,23.233665,57454.867,43200.0,7.2999997,7.2999997,0.0,24.826952,51.12
1288,2023-07-12,332876.59,832047.51,87.5075,26.092,16.242,20.592,57348.434,48635.47,0.0,0.0,0.0,25.171696,52.56
1289,2023-07-13,347099.01,738927.67,97.71,25.942,12.542001,20.352415,57238.266,51169.383,0.0,0.0,0.0,8.12197,20.880001
1290,2023-07-14,343173.36,563604.4400000001,96.96708333333333,33.392002,15.092,24.846169,57124.49,51776.785,0.0,0.0,0.0,15.034041,29.16
1291,2023-07-15,208291.33,865518.78,33.32375,25.792,18.842,21.537832,57007.234,45326.996,5.8999996,5.8999996,0.0,19.652176,38.16
1292,2023-07-16,217144.55,860555.45,14.529583333333333,25.842,16.642,21.312832,56886.477,37141.566,7.3999996,7.3999996,0.0,19.45333,41.760002
1293,2023-07-17,296200.97000000003,837641.37,81.91875,27.342,12.792001,20.864914,56761.14,50478.28,0.0,0.0,0.0,10.853866,27.0
1294,2023-07-18,384583.0,602240.59,106.46458333333334,27.892,13.692,21.039917,56631.203,49400.64,1.5000001,1.5000001,0.0,18.057508,45.719997
1295,2023-07-19,421116.8,528096.69,97.31708333333334,23.692,14.592,19.425331,56496.906,51802.65,0.3,0.3,0.0,17.313717,38.88
1296,2023-07-20,381034.15,628772.8200000001,96.50875,26.392,13.242001,18.596167,56358.45,44086.473,3.5000002,3.5000002,0.0,17.533146,42.48
1297,2023-07-21,398570.66,455073.67,104.39999999999999,22.442,12.442,17.717001,56216.062,51348.91,0.5,0.5,0.0,15.463244,34.92
1298,2023-07-22,226274.14,648160.92,76.73416666666667,27.991999,12.842,21.06075,56069.96,44342.42,0.0,0.0,0.0,24.162947,51.839996
1299,2023-07-23,198525.47,852213.11,30.923333333333332,26.092,16.892,19.846167,55920.355,33404.754,7.9,7.9,0.0,19.110542,45.36
1300,2023-07-24,285084.92,727446.52,90.52999999999999,19.792,13.392,16.633665,55767.45,30742.953,8.099999,8.099999,0.0,19.022177,40.32
1301,2023-07-25,311612.67,613296.31,104.15458333333333,18.092,11.092,13.8795,55611.45,36252.89,8.200001,8.200001,0.0,16.575644,45.719997
1302,2023-07-26,281443.19,694165.69,95.24458333333332,18.991999,9.292001,14.827416,55452.555,13122.106,4.9000006,4.9000006,0.0,19.08,38.519997
1303,2023-07-27,275972.77999999997,629570.69,93.91125,23.692,16.042,18.614916,55290.957,21600.0,10.199999,10.199999,0.0,20.532627,46.44
1304,2023-07-28,303105.88,574102.7,95.91916666666667,23.342,15.692,19.177416,55126.863,39405.387,3.9999998,3.9999998,0.0,18.556595,47.88
1305,2023-07-29,216157.7,600299.14,76.67541666666666,21.042,15.242001,18.296165,54960.438,35801.523,2.4,2.4,0.0,23.313995,48.6
1306,2023-07-30,200389.04,769944.9299999999,31.754583333333333,22.642,13.392,18.344084,54791.88,29096.479,2.6,2.6,0.0,21.749483,45.0
1307,2023-07-31,197223.88,857379.76,70.96916666666667,20.642,15.042001,17.437834,54621.35,22777.727,10.300001,10.300001,0.0,24.379204,50.399998
1308,2023-08-01,220134.24,851853.15,79.42791666666666,17.842,12.842,16.0045,54449.05,1754.0583,16.0,16.0,0.0,22.691425,45.0
1309,2023-08-02,219112.04,810077.39,68.28791666666667,22.241999,15.242001,18.342,54275.125,49404.137,2.6000001,2.6000001,0.0,29.144438,61.56
1310,2023-08-03,201361.0,1055099.51,45.41458333333333,21.442,13.442,16.875332,54099.75,24051.496,1.3000001,1.3000001,0.0,10.1887,22.319998
1311,2023-08-04,270923.42,555297.0,98.59458333333333,19.792,14.042001,16.652416,53923.086,25384.57,1.4000001,1.4000001,0.0,10.495713,24.84
1312,2023-08-05,229793.39,453758.11,90.30708333333332,18.042,12.592,14.933667,53745.066,31484.523,9.400001,9.400001,0.0,26.758923,61.920002
1313,2023-08-06,187907.33,573716.55,57.90958333333333,13.992001,10.642,12.021168,53564.297,3837.6572,12.300002,12.300002,0.0,33.97187,66.96
1314,2023-08-07,239836.21,1027814.22,19.435416666666665,19.592,9.942,15.256584,53380.67,37914.145,0.6,0.6,0.0,25.199999,51.48
1315,2023-08-08,259618.53,1012346.27,12.057083333333333,19.042,11.842,15.358666,53194.41,23167.064,20.7,20.7,0.0,18.228943,38.88
1316,2023-08-09,300518.22,690315.17,88.34875,21.342,7.542,15.489915,53005.7,47879.773,0.0,0.0,0.0,9.422101,21.24
1317,2023-08-10,332503.33999999997,564264.18,102.1725,26.442,9.392,18.364916,52814.74,48413.133,0.0,0.0,0.0,9.3669195,18.72
1318,2023-08-11,322455.13,552648.4400000001,100.44416666666666,28.991999,14.242001,20.414919,52621.723,40922.145,2.8,2.8,0.0,11.298495,34.92
1319,2023-08-12,225706.22,536791.36,80.135,25.392,15.742001,21.167,52426.832,38373.793,3.1999998,3.1999998,0.0,9.585739,26.28
1320,2023-08-13,212027.73,541156.49,65.20875,30.142,17.092,23.206581,52230.25,43573.94,0.3,0.3,0.0,9.511088,23.4
1321,2023-08-14,333939.35,496320.76,103.37166666666667,29.942,19.042,23.710747,52032.156,42082.883,0.8,0.8,0.0,13.37825,29.16
1322,2023-08-15,341323.71,552226.1,93.55666666666667,27.942,17.741999,22.38575,51832.71,47161.117,0.0,0.0,0.0,11.808878,26.64
1323,2023-08-16,383703.29,486769.51,110.80708333333332,28.442,17.592,21.812834,51632.09,39600.0,21.7,21.7,0.0,20.08916,40.32
1324,2023-08-17,359666.78,539335.3,111.3625,28.092,15.542001,21.889915,51430.457,46308.19,0.0,0.0,0.0,8.759178,19.44
1325,2023-08-18,354890.38,591472.82,108.99000000000001,30.292,15.042001,23.216997,51227.965,46686.785,0.0,0.0,0.0,9.021574,20.880001
1326,2023-08-19,245977.85,613603.23,84.79208333333334,31.792,19.792,25.131582,51024.77,46088.5,0.1,0.1,0.0,9.659814,21.96
1327,2023-08-20,264665.56,497603.48,90.12208333333332,30.842,19.442,24.546167,50821.02,38777.453,0.5,0.5,0.0,12.371645,28.08
1328,2023-08-21,474003.39,477450.89,121.10708333333332,30.792,19.042,24.88575,50616.875,45898.547,0.0,0.0,0.0,14.494192,33.12
1329,2023-08-22,551930.3,484082.68,123.15208333333334,28.042,17.892,22.783667,50412.457,45792.05,0.0,0.0,0.0,11.4862,27.0
1330,2023-08-23,557905.72,492087.22000000003,146.5525,29.392,14.442,22.889921,50207.918,43554.453,0.0,0.0,0.0,8.891343,22.68
1331,2023-08-24,577781.61,482996.57,146.94583333333333,28.692,18.442,22.687834,50003.395,33043.492,0.3,0.3,0.0,14.512064,38.16
1332,2023-08-25,523257.49,497591.5,116.26083333333334,25.241999,15.242001,20.333664,49798.8,26023.547,11.099998,11.099998,0.0,14.973577,30.599998
1333,2023-08-26,359569.06,569549.8,96.51541666666667,18.842,14.542001,16.554499,49592.695,0.0,7.2,7.2,0.0,11.27553,21.96
1334,2023-08-27,326277.27,419734.86,101.89916666666666,15.992001,12.542001,14.017001,49384.93,413.9319,8.7,8.7,0.0,17.873556,34.2
1335,2023-08-28,503059.5,440311.47,118.67208333333333,15.792001,12.042001,13.4399185,49175.656,1443.9779,9.200002,9.200002,0.0,14.494192,32.039997
1336,2023-08-29,575410.99,320755.17,122.90375,18.942,11.542001,14.7003355,48965.027,36344.383,0.70000005,0.70000005,0.0,11.298495,24.48
1337,2023-08-30,514423.44,466221.51,114.92750000000001,17.042,11.942,14.2232485,48753.2,40453.3,3.6999993,3.6999993,0.0,20.883104,45.36
1338,2023-08-31,419751.45,682373.26,104.29666666666667,19.142,12.892,15.648248,48540.31,7548.5317,3.7,3.7,0.0,15.1884165,32.039997
1339,2023-09-01,426301.46,506101.73,108.57166666666667,23.292,12.092,17.806583,48326.508,43178.73,0.0,0.0,0.0,8.654986,21.96
1340,2023-09-02,327729.94,453970.43,95.13333333333333,22.991999,12.692,17.5545,48111.934,29836.408,0.0,0.0,0.0,11.792404,25.56
1341,2023-09-03,279077.77,493967.73,82.6475,23.741999,11.542001,17.323248,47896.72,43584.26,0.0,0.0,0.0,11.212135,23.4
1342,2023-09-04,353425.34,576654.88,108.44541666666667,24.042,11.692,17.835749,47680.992,43379.94,0.0,0.0,0.0,10.883676,24.84
1343,2023-09-05,389163.11,628978.35,103.54208333333334,26.241999,9.792001,18.181583,47464.9,43186.375,0.0,0.0,0.0,12.224107,27.359999
1344,2023-09-06,430251.58,586347.07,105.61791666666666,26.842,14.142,20.317,47248.562,42935.625,0.0,0.0,0.0,14.917212,32.399998
1345,2023-09-07,392368.0,753587.61,100.98583333333333,26.542,11.942,19.116999,47032.1,42776.81,0.0,0.0,0.0,10.1887,18.0
1346,2023-09-08,430522.32,613803.81,108.22708333333333,26.642,11.742001,19.821165,46815.652,42633.24,0.0,0.0,0.0,7.968939,16.919998
1347,2023-09-09,396104.66,479434.28,91.51291666666667,28.241999,13.092,20.662832,46599.336,42502.03,0.0,0.0,0.0,7.729527,15.84
1348,2023-09-10,362204.28,434445.85000000003,85.29791666666667,28.192,14.242001,21.296165,46383.27,42416.727,0.0,0.0,0.0,9.220499,20.880001
1349,2023-09-11,481071.62,498734.77,152.865,28.342,13.942,21.046165,46167.574,41327.92,0.1,0.1,0.0,9.107359,20.880001
1350,2023-09-12,560022.52,461237.43,131.45416666666668,22.741999,16.242,19.337833,45952.38,34656.156,5.4,5.4,0.0,18.0,43.199997
1351,2023-09-13,530525.5,549346.88,109.93666666666667,20.491999,13.742001,16.4545,45737.797,42024.258,0.0,0.0,0.0,12.303366,23.759998
1352,2023-09-14,569821.38,441502.86,120.46541666666667,22.991999,10.992001,16.602415,45523.723,41812.082,0.0,0.0,0.0,9.3876505,23.039999
1353,2023-09-15,464130.97,581917.48,108.18583333333333,24.542,9.542001,17.112833,45308.715,41598.484,0.0,0.0,0.0,8.707237,16.199999
1354,2023-09-16,321457.25,527622.17,95.20041666666667,25.991999,11.992001,18.983667,45092.6,40809.887,0.0,0.0,0.0,10.028439,23.039999
1355,2023-09-17,284585.27,516016.65,87.61541666666666,24.642,13.892,18.119083,44875.52,27414.781,2.6000001,2.6000001,0.0,15.137133,38.519997
1356,2023-09-18,330951.14,777343.85,95.30250000000001,20.241999,11.842,16.479498,44657.598,35221.91,0.8000001,0.8000001,0.0,20.5484,43.199997
1357,2023-09-19,296907.24,983823.61,37.5225,22.741999,11.092,16.471167,44438.96,40212.7,0.0,0.0,0.0,11.159999,26.28
1358,2023-09-20,320669.98,895630.59,49.45791666666667,25.192,11.292001,18.114916,44219.742,39896.203,1.6,1.6,0.0,17.731598,30.960001
1359,2023-09-21,391183.43,720348.34,103.0575,16.741999,11.342,14.252418,44000.074,649.8038,11.800001,11.800001,0.0,13.202726,34.2
1360,2023-09-22,448634.7,577949.24,103.97833333333334,15.792001,9.242001,12.275334,43780.082,37104.93,0.2,0.2,0.0,15.281989,33.48
1361,2023-09-23,292769.18,648114.11,99.51958333333333,17.592,5.542,11.923249,43559.883,39828.34,0.0,0.0,0.0,9.220499,20.880001
1362,2023-09-24,238557.37,589746.92,68.815,20.392,6.742,13.489915,43339.617,39625.465,0.0,0.0,0.0,9.028754,22.68
1363,2023-09-25,376665.97000000003,715054.08,105.80375,22.292,8.392,15.414916,43119.406,38192.44,0.0,0.0,0.0,6.489992,15.84
1364,2023-09-26,521073.17,453519.68,128.76500000000001,22.741999,9.392,15.521168,42899.37,37661.207,0.0,0.0,0.0,11.720751,27.0
1365,2023-09-27,506754.15,488709.19,124.48125,23.491999,10.242001,15.692002,42679.645,30707.654,0.0,0.0,0.0,10.144082,19.44
1366,2023-09-28,422843.04,642282.85,112.51958333333333,23.942,9.892,16.742,42460.348,32709.906,0.0,0.0,0.0,19.242327,37.8
1367,2023-09-29,405115.33,704920.49,105.27416666666666,17.542,11.392,15.49825,42241.613,22066.412,1.0,1.0,0.0,13.009903,28.44
1368,2023-09-30,323231.5,602879.08,91.50291666666668,20.692,6.842,13.887833,42023.57,37005.14,0.0,0.0,0.0,9.028754,21.599998
1369,2023-10-01,290019.46,537543.31,74.04416666666667,23.842,9.042001,15.2795,41806.344,36938.17,0.0,0.0,0.0,10.464798,20.519999
1370,2023-10-02,453211.49,520552.4,118.15041666666667,25.892,11.292001,17.119081,41590.07,30569.746,2.1999998,2.1999998,0.0,26.33911,54.719997
1371,2023-10-03,223092.18,1016367.71,22.955,16.991999,8.042,12.150333,41374.88,36183.438,0.0,0.0,0.0,15.876775,34.56
1372,2023-10-04,345749.95,931366.5,69.49208333333333,16.442,4.842,10.594085,41160.668,18000.0,0.0,0.0,0.0,16.862455,35.28
1373,2023-10-05,444434.06,743589.13,101.60916666666667,17.792,5.792,10.900334,40945.87,30883.492,0.0,0.0,0.0,9.339208,20.880001
1374,2023-10-06,370270.65,926827.47,71.60125000000001,17.792,7.292,13.196167,40730.297,25351.79,0.0,0.0,0.0,18.36353,37.8
1375,2023-10-07,250453.62,887824.64,44.95416666666667,18.092,9.492001,14.266999,40514.1,10878.369,0.1,0.1,0.0,19.839235,40.32
1376,2023-10-08,335690.27,430048.36,90.6425,18.792,10.242001,15.054501,40297.418,20621.781,0.0,0.0,0.0,15.937878,34.92
1377,2023-10-09,576695.39,513893.24,116.01083333333332,21.942,10.942,15.362835,40080.4,36000.0,0.0,0.0,0.0,9.449572,22.319998
1378,2023-10-10,590213.41,570638.33,112.38541666666667,24.192,8.342,15.214915,39863.19,35958.61,0.0,0.0,0.0,10.990322,25.199999
1379,2023-10-11,341758.4,1045077.76,59.794999999999995,20.292,13.192,16.214914,39645.945,14400.0,3.7,3.7,0.0,15.034041,29.519999
1380,2023-10-12,594898.81,587332.72,122.70916666666666,24.491999,13.592,17.91075,39428.812,35611.31,0.0,0.0,0.0,14.372974,30.599998
1381,2023-10-13,356915.65,961156.32,68.40625,19.692,7.992,14.906583,39211.938,8446.634,8.1,8.1,0.0,24.735432,52.199997
1382,2023-10-14,253820.1,977444.5,26.528333333333336,9.942,3.2419999,6.539917,38995.49,34058.836,1.0,1.0,0.0,20.929594,49.32
1383,2023-10-15,286049.72000000003,883776.43,39.61708333333333,9.542001,-0.70799994,4.564917,38779.62,34931.19,0.0,0.0,0.0,9.255571,17.28
1384,2023-10-16,626926.96,542947.84,133.69875,10.492001,-0.058,4.8649163,38564.484,21149.42,0.0,0.0,0.0,11.440978,24.119999
1385,2023-10-17,715947.38,398240.46,130.12416666666667,11.792001,-0.80799997,5.3211665,38350.254,34479.223,0.0,0.0,0.0,11.901798,24.84
1386,2023-10-18,493176.51,727723.72,98.44458333333334,14.892,6.1419997,9.787832,38137.094,15902.379,2.8,2.8,0.0,11.923557,24.48
1387,2023-10-19,485892.06,764942.98,93.40875,15.192,8.992001,12.192001,37925.18,337.71902,2.8,2.8,0.0,12.661564,29.519999
1388,2023-10-20,389022.2,900517.49,87.23666666666666,17.142,10.492001,13.331582,37714.676,32590.23,4.3,4.3,0.0,15.696165,33.12
1389,2023-10-21,259561.66,785447.08,54.319583333333334,15.392,6.242,10.992001,37505.77,33585.168,0.2,0.2,0.0,18.25026,38.519997
1390,2023-10-22,289442.95,778806.2,63.947916666666664,15.792001,3.692,9.900334,37298.64,25573.752,0.3,0.3,0.0,10.805999,20.880001
1391,2023-10-23,643030.15,444890.22,125.02416666666666,14.042001,7.992,10.464917,37093.473,4524.756,11.599999,11.599999,0.0,11.620809,23.4
1392,2023-10-24,668386.0,549212.37,117.98583333333333,13.842,7.742,11.102417,36890.19,18317.04,4.1,4.1,0.0,19.513195,38.519997
1393,2023-10-25,644100.13,605457.08,124.30583333333334,13.342,10.192,11.112835,36687.055,8319.028,5.1,5.1,0.0,21.9718,46.079998
1394,2023-10-26,677916.51,485541.44,121.34541666666667,11.392,7.542,9.827418,36483.85,12385.468,7.1,7.1,0.0,24.967499,55.8
1395,2023-10-27,628757.44,497949.76,118.35000000000001,13.842,7.3919997,10.1274185,36280.766,21870.652,5.3999996,5.3999996,0.0,18.775303,41.760002
1396,2023-10-28,283060.46,648132.88,83.36583333333333,16.242,7.592,11.456585,36077.98,24237.057,0.0,0.0,0.0,15.379206,29.519999
1397,2023-10-29,191348.08,1056076.73,23.0304,17.292,7.842,12.081584,35875.68,23151.053,1.6999999,1.6999999,0.0,10.685391,23.039999
1398,2023-10-30,467136.06,729949.24,92.88625,12.492001,8.242001,10.139917,35674.05,2131.9866,5.4999995,5.4999995,0.0,22.033648,43.92
1399,2023-10-31,438137.74,734927.8,104.95,14.692,8.642,10.692001,35473.293,28800.0,1.6,1.6,0.0,15.315873,30.239998
1400,2023-11-01,258299.17,800949.69,62.88833333333333,11.042001,5.1419997,7.9149165,35273.598,1081.7981,5.7999997,5.7999997,0.0,16.299694,32.039997
1401,2023-11-02,270869.33,1073462.79,59.774166666666666,7.942,4.8919997,6.3461666,35075.18,0.0,2.2,2.2,0.0,19.523155,45.719997
1402,2023-11-03,314191.38,893447.07,56.572916666666664,10.592,3.4919999,6.714916,34878.242,24949.889,0.8000001,0.8000001,0.0,19.959719,40.32
1403,2023-11-04,196726.24,1046474.89,24.815833333333334,11.292001,6.192,8.777417,34682.996,20961.7,4.9,4.9,0.0,33.202072,65.520004
1404,2023-11-05,210160.34,909270.45,29.91125,12.192,7.292,9.112832,34489.67,26226.61,0.2,0.2,0.0,24.448214,51.48
1405,2023-11-06,337088.02,1131576.27,72.04166666666667,10.792001,4.192,6.9899178,34298.48,25789.822,2.1,2.1,0.0,17.414474,37.079998
1406,2023-11-07,431310.11,938224.82,99.74583333333334,9.992001,3.192,6.092001,34109.664,12336.121,0.0,0.0,0.0,21.897945,45.0
1407,2023-11-08,429610.91,1031090.37,89.72375,10.492001,1.492,6.0586677,33923.457,18000.0,2.3,2.3,0.0,15.978484,30.239998
1408,2023-11-09,510869.71,879689.24,97.21791666666667,8.342,3.0419998,5.8440833,33740.1,14400.0,6.7000003,6.7000003,0.0,16.418526,34.56
1409,2023-11-10,543580.12,770968.73,94.04875,5.992,2.892,4.321167,33559.848,7200.0,5.0,4.7999997,0.14,26.079508,55.44
1410,2023-11-11,503738.35,559543.83,96.79333333333334,6.8919997,-0.80799997,3.36075,33382.953,20824.145,0.1,0.1,0.0,12.979984,25.56
1411,2023-11-12,496557.0,391682.47,97.99208333333333,13.292001,2.4919999,7.7024174,33209.668,0.0,18.3,18.3,0.0,29.834423,59.039997
1412,2023-11-13,489733.09,760757.16,94.89416666666666,12.442,7.742,9.827418,33039.992,12391.313,7.8999996,7.8999996,0.0,28.528723,63.0
1413,2023-11-14,371984.99,1092096.97,65.50791666666667,10.142,6.242,8.24825,32872.17,21839.904,6.299999,6.299999,0.0,29.660152,59.76
1414,2023-11-15,574325.68,762907.53,102.40791666666667,8.892,4.542,6.5919995,32706.035,10891.804,5.0,5.0,0.0,16.179985,32.399998
1415,2023-11-16,735084.18,649901.61,117.63416666666666,6.042,-0.8579999,3.6461666,32541.768,22529.244,2.0,2.0,0.0,15.646544,33.12
1416,2023-11-17,789223.8300000001,471825.58,121.34083333333332,6.092,-3.0080001,2.0253334,32379.586,23197.793,3.3000002,3.3000002,0.0,15.273505,29.519999
1417,2023-11-18,460386.54,608610.9,91.39666666666666,12.142,3.7919998,8.21075,32219.701,13433.65,11.300001,11.300001,0.0,24.693481,50.039997
1418,2023-11-19,258791.77,1024180.36,38.19583333333333,10.042001,6.042,8.24825,32062.322,9686.331,2.1999998,2.1999998,0.0,22.862125,43.92
1419,2023-11-20,613788.78,665335.35,106.08458333333334,8.392,3.2919998,6.431582,31907.672,12810.233,2.0000002,2.0000002,0.0,15.03835,30.239998
1420,2023-11-21,804577.15,454758.99,123.29833333333333,2.842,0.89199996,1.8774165,31755.975,1219.3497,0.0,0.0,0.0,14.113653,28.44
1421,2023-11-22,751909.27,584032.94,109.68791666666665,5.3919997,-1.7080001,2.2649167,31607.467,9664.138,0.3,0.3,0.0,24.798223,48.96
1422,2023-11-23,457768.51,1193094.28,61.64291666666667,6.942,0.94200003,4.081583,31462.375,20222.816,5.4,4.4999995,0.63,30.574575,61.920002
1423,2023-11-24,437641.28,1134178.98,63.87125,2.442,-2.158,0.57325,31320.934,17050.738,4.3999996,0.19999999,2.94,27.757376,59.399998
1424,2023-11-25,501525.31,748017.6900000001,94.59666666666668,2.192,-1.9079999,0.36283335,31183.395,20242.56,2.1,0.90000004,0.84,17.811815,36.36
1425,2023-11-26,715641.42,420592.67,116.35083333333334,3.692,0.89199996,1.6690831,31050.0,0.0,10.6,2.3000002,5.81,16.954432,33.12
1426,2023-11-27,798520.09,603224.95,114.51041666666667,1.842,-2.358,0.3024167,30920.992,0.0,6.399999,1.9000002,3.1499996,22.104116,45.36
1427,2023-11-28,824895.38,575267.08,121.94125000000001,0.642,-8.058,-2.2225835,30796.639,13071.286,0.6,0.0,0.42000002,17.974781,37.8
1428,2023-11-29,864636.54,647828.9299999999,140.02291666666667,1.042,-5.208,-1.5684166,30677.18,10633.982,0.4,0.0,0.28,8.78872,17.28
1429,2023-11-30,935244.86,258467.66,168.75791666666666,0.89199996,-1.3579999,-0.2413333,30562.88,0.0,10.4,0.0,7.2799993,11.304229,22.319998
1430,2023-12-01,944669.77,276842.43,156.39625,-1.508,-5.708,-3.108,30454.002,0.0,5.7000003,0.099999994,3.9199996,14.658676,30.239998
1431,2023-12-02,880211.0700000001,271003.98,116.40499999999999,-2.7080002,-8.457999,-4.7705007,30350.799,9009.607,0.1,0.0,0.07,14.512064,27.72
1432,2023-12-03,784345.99,411671.88,104.71833333333332,-3.2580001,-10.108,-6.7455,30253.35,1197.6168,0.0,0.0,0.0,10.495713,20.880001
1433,2023-12-04,862502.0,655713.16,111.75791666666667,1.542,-5.208,-2.4934165,30160.498,24426.5,2.1,0.0,1.47,13.53236,28.44
1434,2023-12-05,824532.55,718497.5599999999,114.3925,2.342,0.492,1.1649166,30072.104,0.0,3.3999996,1.8000003,1.12,15.158522,29.88
1435,2023-12-06,897932.95,415645.29,129.54041666666666,2.5419998,-4.008,-0.5663333,29988.277,9232.188,0.1,0.0,0.07,12.964998,25.199999
1436,2023-12-07,878617.53,368573.5,116.60208333333333,0.792,-4.3580003,-1.8705002,29909.152,0.0,4.2999997,4.2999997,0.0,12.181624,25.56
1437,2023-12-08,778077.48,572086.8,103.67958333333333,3.842,-0.10800001,1.4003333,29834.83,4634.169,5.2,3.7,1.05,19.93048,46.44
1438,2023-12-09,460559.84,843578.92,78.41458333333334,7.442,1.8920001,5.567,29765.438,11871.259,4.4999995,3.7999997,0.48999998,26.642431,52.92
1439,2023-12-10,314093.93,1037421.02,55.8725,9.842,5.342,7.5565834,29701.082,17385.406,1.3000001,1.3000001,0.0,24.18707,55.079998
1440,2023-12-11,558571.89,864826.81,79.05291666666666,8.292,4.092,6.2545,29641.879,7744.813,3.8,3.8,0.0,17.313717,36.0
1441,2023-12-12,800567.28,464766.79000000004,106.06208333333335,8.242001,2.7419999,6.1503334,29587.947,9964.9375,5.2999997,5.2999997,0.0,16.981165,34.92
1442,2023-12-13,739452.38,627459.95,93.04083333333334,6.292,2.842,4.396167,29539.383,6203.5894,1.3000001,1.3000001,0.0,16.62249,31.68
1443,2023-12-14,827217.48,337258.5,107.12374999999999,3.642,-1.408,1.9086665,29496.303,4160.165,0.4,0.4,0.0,14.685176,29.519999
1444,2023-12-15,708665.87,533165.36,93.23541666666667,6.092,0.742,3.2544997,29458.799,16240.746,0.0,0.0,0.0,11.885453,25.56
1445,2023-12-16,432506.92,877864.25,70.69500000000001,5.942,-2.058,0.68574995,29426.99,24496.766,0.0,0.0,0.0,8.654986,14.04
1446,2023-12-17,410275.16,918802.83,50.717083333333335,6.692,-3.408,-0.6184168,29400.955,24566.535,0.0,0.0,0.0,8.669949,16.56
1447,2023-12-18,485834.73,970322.2000000001,77.97416666666668,5.192,-3.908,0.3795,29380.799,23546.748,0.1,0.1,0.0,14.512064,28.44
1448,2023-12-19,479609.54,918041.98,76.28958333333334,4.342,2.342,3.3544996,29366.605,6833.557,8.2,8.2,0.0,25.045238,48.96
1449,2023-12-20,386655.46,1099672.26,62.005,7.442,2.892,5.392,29358.469,0.0,18.0,18.0,0.0,35.302032,82.079994
1450,2023-12-21,275886.68,1308032.94,25.280416666666667,5.942,1.842,4.1045,29356.46,7200.0,13.699999,12.5,0.84000003,36.67232,82.439995
1451,2023-12-22,242307.14,1289984.86,22.655833333333334,6.6419997,2.5419998,4.9899163,29360.664,0.0,32.700005,31.700003,0.70000005,32.23357,72.0
1452,2023-12-23,245416.94,982209.63,30.743333333333336,8.342,5.6419997,6.921166,29371.162,0.0,7.3999996,7.3999996,0.0,27.684914,59.039997
1453,2023-12-24,203325.85,1154018.38,-3.3708333333333336,8.342,7.692,7.942,29388.04,0.0,3.1999998,3.1999998,0.0,25.099514,54.36
1454,2023-12-25,205496.85,1042701.02,0.4070833333333333,8.292,6.442,7.4649167,29411.207,0.0,0.9000001,0.9000001,0.0,20.532627,42.48
1455,2023-12-26,225886.59,1097290.18,16.622083333333332,8.892,2.292,4.969083,29440.55,12423.602,0.0,0.0,0.0,13.004921,30.599998
1456,2023-12-27,295043.11,727044.37,60.79833333333334,9.242001,1.742,5.5315833,29475.955,3600.0,1.1,1.1,0.0,12.429127,24.119999
1457,2023-12-28,231152.01,1218052.43,16.669999999999998,10.192,5.692,7.7253327,29517.305,16801.064,0.90000004,0.90000004,0.0,25.809765,48.96
1458,2023-12-29,221981.8,1261365.77,6.359583333333333,9.342,0.342,6.2878327,29564.48,11904.797,0.2,0.2,0.0,22.805367,46.44
1459,2023-12-30,228859.99,984434.99,34.055416666666666,5.842,0.792,3.2461665,29617.346,13227.676,0.5,0.5,0.0,15.315873,32.760002
1460,2023-12-31,213504.98,971236.36,9.902916666666666,6.492,2.9919999,4.450333,29675.78,20583.479,0.0,0.0,0.0,23.210928,45.719997
1461,2024-01-01,210332.05,974143.0599999999,16.18166666666667,8.592,2.4919999,5.5315833,29739.646,0.0,28.599997,28.099998,0.35,27.56058,53.28
1462,2024-01-02,267287.09,972304.58,53.07333333333333,9.142,6.442,8.069084,29808.822,5327.8555,7.2,7.2,0.0,29.07989,57.6
1463,2024-01-03,265753.98,1187996.48,45.215,6.692,3.192,5.7545,29883.162,3995.5254,6.0,6.0,0.0,29.775719,58.679996
1464,2024-01-04,436204.08999999997,778972.78,85.41000000000001,6.242,1.142,2.9045,29962.535,6208.1313,0.2,0.2,0.0,11.440978,22.319998
1465,2024-01-05,518895.83,757891.3,91.37041666666666,5.1419997,1.292,2.8003333,30046.807,672.40216,0.3,0.3,0.0,9.531505,20.519999
1466,2024-01-06,518682.82,578176.32,88.72458333333333,2.5419998,-4.908,-0.583,30135.824,0.0,1.3000002,0.5,0.56,18.1041,37.079998
1467,2024-01-07,509556.69,610315.26,86.32666666666667,-2.4580002,-7.058,-4.4059167,30229.465,21009.96,0.0,0.0,0.0,15.778518,34.2
1468,2024-01-08,663613.45,727846.51,102.22958333333332,-1.8579999,-7.3580003,-5.535084,30327.584,25650.744,0.0,0.0,0.0,16.09969,36.0
1469,2024-01-09,803601.98,526340.92,109.39458333333334,0.642,-6.658,-4.280917,30430.037,25694.23,0.0,0.0,0.0,14.512064,28.8
1470,2024-01-10,905026.3,404580.45,111.83916666666666,1.6420001,-7.6580005,-4.0205007,30536.697,25891.324,0.0,0.0,0.0,9.9571085,18.359999
1471,2024-01-11,922103.5700000001,386776.25,109.64791666666667,-1.1079999,-4.308,-2.8184166,30647.412,0.0,0.0,0.0,0.0,9.9571085,19.44
1472,2024-01-12,885983.97,430824.27,106.04458333333334,-1.408,-3.2580001,-2.6100833,30762.262,0.0,0.0,0.0,0.0,16.65754,35.64
1473,2024-01-13,612663.6,805684.22,74.56791666666666,0.342,-4.658,-2.3746667,30882.504,5384.2563,0.0,0.0,0.0,19.852295,39.6
1474,2024-01-14,545153.41,881643.62,76.15416666666667,-0.658,-4.6080003,-2.2580001,31008.166,0.0,2.5,0.20000002,1.61,25.582806,51.12
1475,2024-01-15,678340.08,878940.69,86.49666666666667,-0.658,-6.058,-2.2705,31138.965,0.0,0.3,0.0,0.21000001,24.144165,48.96
1476,2024-01-16,832891.85,619790.23,101.13791666666667,6.8919997,-6.408,-1.3975836,31274.637,0.0,6.4999995,3.6,2.03,21.175837,40.68
1477,2024-01-17,834053.2,537990.49,99.60666666666667,7.192,-1.6579999,2.0294993,31414.91,0.0,5.9,3.5,1.6800001,22.66857,44.639996
1478,2024-01-18,820602.31,461835.78,92.73625,-0.758,-3.658,-2.2121668,31559.525,10116.037,0.0,0.0,0.0,13.849476,30.239998
1479,2024-01-19,668259.48,925472.17,78.50958333333334,1.192,-6.558,-3.6017504,31708.223,26119.691,0.0,0.0,0.0,11.090103,24.119999
1480,2024-01-20,504785.63,948499.3,73.66208333333334,1.992,-6.708,-3.462167,31860.742,24842.654,0.0,0.0,0.0,14.182355,28.44
1481,2024-01-21,345403.7,1094480.99,50.25875,8.892,-2.658,3.4774168,32016.842,0.0,5.7,5.7,0.0,25.068514,50.76
1482,2024-01-22,362990.06,1240295.77,49.83708333333333,5.792,3.092,4.1753335,32176.27,17196.676,3.2,2.8000002,0.28,25.241108,51.839996
1483,2024-01-23,396605.33999999997,1211322.78,52.28458333333333,10.842,3.692,8.042,32338.78,14633.024,2.7,2.7,0.0,39.389984,78.12
1484,2024-01-24,351983.99,1316391.1099999999,33.12291666666667,6.8919997,-0.508,3.9940827,32504.146,14768.55,0.0,0.0,0.0,23.83624,48.239998
1485,2024-01-25,488539.26,865350.39,78.01625,9.492001,1.092,5.6503334,32672.135,2099.327,4.9999995,4.9999995,0.0,29.168886,63.72
1486,2024-01-26,421201.08,1023221.73,59.22541666666667,5.342,-2.908,0.93575007,32842.516,28518.125,0.0,0.0,0.0,17.76081,35.28
1487,2024-01-27,385505.52999999997,847572.9,68.34875000000001,7.342,-4.458,-0.8288334,33015.066,28711.0,0.0,0.0,0.0,12.074766,23.4
1488,2024-01-28,339389.57,790634.2,59.278333333333336,7.092,-3.5080001,0.3065832,33189.58,27426.338,0.0,0.0,0.0,12.245293,23.039999
1489,2024-01-29,539150.12,727236.1,81.03291666666667,6.342,-3.158,0.089916706,33365.836,24744.746,0.0,0.0,0.0,11.91812,20.519999
1490,2024-01-30,534457.45,781236.4,77.96708333333333,7.092,0.642,3.227417,33543.637,12602.784,0.8000001,0.8000001,0.0,8.049845,15.119999
1491,2024-01-31,527508.85,834234.6,76.00458333333333,6.542,0.842,4.8086667,33722.773,5510.965,3.9,3.9,0.0,21.746504,42.48
1492,2024-02-01,470965.87,995345.98,72.03583333333333,6.992,-0.70799994,3.1086664,33903.34,5821.6924,0.2,0.2,0.0,22.782625,44.28
1493,2024-02-02,393510.01,1086511.17,61.661249999999995,6.592,5.242,6.03575,34087.133,0.0,0.3,0.3,0.0,25.006397,50.039997
1494,2024-02-03,290605.84,1172056.3699999999,35.970416666666665,7.8919997,5.842,6.827417,34274.285,0.0,1.3000002,1.3000002,0.0,28.528723,57.239998
1495,2024-02-04,260705.63,1236872.68,14.777499999999998,10.192,5.042,6.9878325,34464.54,16042.305,0.5,0.5,0.0,28.227306,57.6
1496,2024-02-05,331039.23,1358926.97,35.84083333333333,7.592,4.042,5.7920003,34657.65,0.0,0.0,0.0,0.0,29.834423,58.679996
1497,2024-02-06,331773.9,1380463.41,45.29291666666666,8.042,6.342,7.29825,34853.37,0.0,12.7,12.7,0.0,27.345785,54.36
1498,2024-02-07,555806.62,825412.33,79.15958333333333,9.742001,6.942,8.508667,35051.457,0.0,12.6,12.6,0.0,21.096123,41.760002
1499,2024-02-08,723071.73,482178.18,88.69583333333333,12.392,7.742,9.431584,35251.688,9000.904,7.0999994,7.0999994,0.0,16.62249,33.48
1500,2024-02-09,488102.79,854646.96,70.51791666666666,12.892,3.092,8.03575,35453.824,12717.984,0.3,0.3,0.0,12.682018,24.84
1501,2024-02-10,465951.75,555650.98,72.1275,6.8919997,3.2419999,5.650333,35657.656,0.0,3.6999998,3.6999998,0.0,23.40277,46.44
1502,2024-02-11,402573.6,639362.24,61.961666666666666,7.742,3.7419999,5.702417,35862.96,13425.568,2.1000001,2.1000001,0.0,17.673029,36.36
1503,2024-02-12,564509.96,556479.03,74.75166666666667,7.6419997,-1.058,3.7170002,36069.53,12939.727,0.2,0.2,0.0,15.856356,33.48
1504,2024-02-13,538787.8,782868.64,72.22791666666667,9.092,-0.8579999,4.617,36277.164,2770.2112,0.6,0.6,0.0,10.990322,27.72
1505,2024-02-14,549886.03,721134.61,68.16416666666667,13.642,5.792,9.279499,36485.656,18361.453,1.8000002,1.8000002,0.0,10.009036,19.08
1506,2024-02-15,559323.4,647240.77,70.50125,14.392,3.5419998,8.446167,36694.816,31535.943,0.0,0.0,0.0,10.483357,20.880001
1507,2024-02-16,453160.07,832958.27,61.06041666666667,12.392,5.542,9.456584,36904.45,29510.734,2.3,2.3,0.0,15.7908325,32.399998
1508,2024-02-17,450958.58,565134.99,66.65375,12.492001,2.192,8.375335,37114.367,18040.352,1.4000001,1.4000001,0.0,16.1198,31.319998
1509,2024-02-18,323998.83,777735.63,53.184583333333336,8.192,6.342,7.462833,37324.395,11704.508,2.8999996,2.8999996,0.0,23.444265,51.12
1510,2024-02-19,427338.38,902945.18,65.28875000000001,8.342,4.692,6.34825,37534.344,10597.379,1.3000001,1.3000001,0.0,19.242327,39.6
1511,2024-02-20,467750.98,825455.64,63.223333333333336,11.792001,3.592,7.3732495,37744.047,31965.566,0.3,0.3,0.0,16.071491,35.28
1512,2024-02-21,412308.54,951736.8,57.565416666666664,10.642,6.192,8.319083,37953.598,0.0,22.900002,22.900002,0.0,23.47741,47.16
1513,2024-02-22,371639.91,996911.43,50.91833333333333,8.342,0.89199996,5.0690827,38164.777,0.0,2.3,2.3,0.0,23.540806,46.8
1514,2024-02-23,389727.85,1048324.07,43.73708333333334,8.992001,-0.40800002,3.3378334,38377.79,33809.17,0.0,0.0,0.0,14.021525,35.64
1515,2024-02-24,379235.83,730950.54,57.19833333333333,10.342,0.14199999,3.9149168,38592.45,33506.41,0.3,0.3,0.0,11.885453,29.519999
1516,2024-02-25,387839.83,654235.82,61.09375,9.942,-0.95799994,3.7711666,38808.58,25849.36,0.0,0.0,0.0,10.041354,23.4
1517,2024-02-26,518254.35,592396.72,66.26833333333333,8.842,2.842,5.6211667,39026.004,1658.9847,0.4,0.4,0.0,15.7908325,34.2
1518,2024-02-27,672917.42,412269.05,73.83624999999999,7.792,3.442,5.439916,39244.547,1246.4738,0.0,0.0,0.0,10.086427,20.16
1519,2024-02-28,685876.22,423133.46,71.82125,9.742001,0.492,4.2961664,39464.055,19114.635,0.0,0.0,0.0,11.212135,24.84
1520,2024-02-29,489191.82,835568.14,63.20375000000001,11.042001,-0.508,4.608667,39684.355,15389.301,0.1,0.1,0.0,7.729527,19.08
1521,2024-03-01,503504.34,649461.5,71.01333333333334,11.342,3.942,6.8003335,39905.285,34349.84,2.2999997,2.2999997,0.0,12.7279215,28.08
1522,2024-03-02,393151.35,707677.73,64.21875,14.592,2.892,7.612833,40126.688,31656.004,0.0,0.0,0.0,13.570615,29.88
1523,2024-03-03,396969.65,692630.37,60.47208333333333,13.592,-0.758,6.2440834,40348.41,36301.22,0.0,0.0,0.0,12.57426,26.28
1524,2024-03-04,675427.65,446330.45,75.88791666666667,10.492001,4.792,7.0607505,40570.297,16255.015,1.8000001,1.8000001,0.0,12.181625,24.119999
1525,2024-03-05,749213.34,547610.4,74.60125000000001,10.292001,3.842,6.267,40792.188,10454.05,0.2,0.2,0.0,15.496736,31.68
1526,2024-03-06,760794.61,428560.23,82.835,6.692,-1.3579999,3.0753334,41013.94,13627.917,0.0,0.0,0.0,16.267857,36.0
1527,2024-03-07,627849.22,602745.84,76.32416666666667,9.542001,-0.8579999,3.5232499,41235.402,37498.312,0.0,0.0,0.0,21.407139,45.719997
1528,2024-03-08,377921.59,995651.93,62.32916666666667,13.342,-1.408,5.2190843,41456.434,37725.36,0.0,0.0,0.0,12.261158,26.64
1529,2024-03-09,278444.34,1010679.06,45.61083333333334,14.792001,2.7419999,8.183668,41676.87,35445.85,0.0,0.0,0.0,20.176065,42.839996
1530,2024-03-10,283884.33,992550.83,33.99666666666666,12.842,3.092,8.023251,41896.574,33109.504,0.0,0.0,0.0,19.592731,45.0
1531,2024-03-11,499041.2,751414.17,71.67375,9.092,3.192,6.037834,42115.4,14758.478,0.2,0.2,0.0,19.829433,39.6
1532,2024-03-12,681237.79,392487.14,86.47083333333335,10.142,1.692,6.777416,42333.44,11236.562,0.6,0.6,0.0,13.039754,29.519999
1533,2024-03-13,607920.96,543426.73,72.45625,14.042001,6.842,9.746168,42552.316,11115.803,0.6,0.6,0.0,9.19939,21.24
1534,2024-03-14,479349.61,719498.36,67.06166666666667,16.842,5.092,9.962835,42772.23,37031.8,1.6,1.6,0.0,19.45333,44.639996
1535,2024-03-15,338586.17,942199.97,55.9,12.542001,5.942,9.154501,42993.047,17315.47,3.8999994,3.8999994,0.0,24.280659,51.839996
1536,2024-03-16,284966.79,921638.78,50.361250000000005,11.592,1.042,6.508667,43214.633,34778.348,0.0,0.0,0.0,10.086427,23.4
1537,2024-03-17,340075.35,581603.01,61.81458333333333,12.942,1.142,6.6836667,43436.855,24783.676,0.2,0.2,0.0,8.766573,21.24
1538,2024-03-18,552543.3,562056.51,81.25041666666667,13.242001,2.642,7.667,43659.582,37306.91,0.1,0.1,0.0,9.449572,16.56
1539,2024-03-19,580058.26,558273.09,81.56791666666666,15.892,0.492,7.787834,43882.68,37016.01,0.0,0.0,0.0,10.144082,20.519999
1540,2024-03-20,637978.16,440665.5,91.34291666666667,14.542001,3.392,8.206584,44106.016,33788.227,1.6,1.6,0.0,19.373219,40.68
1541,2024-03-21,551877.32,624084.41,81.39,15.592,1.942,9.212833,44329.465,31027.873,0.1,0.1,0.0,11.659777,28.08
1542,2024-03-22,384503.1,784917.22,68.54083333333334,10.542001,2.342,7.389916,44552.887,19792.36,4.3999996,4.2999997,0.07,29.986076,61.199997
1543,2024-03-23,258176.96,881373.14,37.57791666666667,6.492,1.492,3.7732503,44776.156,20843.73,3.7,2.1000001,1.12,29.522196,60.120003
1544,2024-03-24,228561.76,1076074.78,25.874166666666667,9.442,1.042,4.644083,44999.137,30727.514,0.90000004,0.90000004,0.0,22.065973,43.56
1545,2024-03-25,481633.91000000003,657721.25,84.55708333333332,13.742001,-1.8579999,6.0607505,45221.695,39278.703,0.0,0.0,0.0,12.88981,30.599998
1546,2024-03-26,430397.01,825165.32,66.14458333333333,18.991999,4.142,10.587832,45443.695,36378.695,4.7,4.7,0.0,20.291357,40.68
1547,2024-03-27,401412.13,620337.48,76.29666666666667,12.442,3.192,6.44825,45665.004,18000.0,5.5999994,5.5999994,0.0,30.928587,63.72
1548,2024-03-28,292571.75,920643.96,51.34916666666666,16.192,2.592,9.008667,45885.473,21600.0,0.7,0.7,0.0,16.645864,35.28
1549,2024-03-29,241658.95,865595.16,37.762499999999996,22.491999,8.542001,14.400334,46104.97,39830.08,0.0,0.0,0.0,20.523157,39.6
1550,2024-03-30,294289.23,587627.71,53.24916666666667,19.292,6.942,12.856583,46323.355,38306.098,0.0,0.0,0.0,12.0694,27.359999
1551,2024-03-31,210781.31,490543.15,55.44521739130435,15.892,6.792,10.806584,46540.477,9559.186,0.7,0.7,0.0,29.215502,60.479996
1552,2024-04-01,213059.44,625354.16,35.88375,11.792001,6.192,8.479502,46756.42,26141.209,2.1,2.1,0.0,25.050413,56.16
1553,2024-04-02,228330.71,1129917.46,33.35458333333333,13.142,4.8919997,9.033667,46972.71,6441.896,3.5000002,3.5000002,0.0,17.555307,37.44
1554,2024-04-03,416637.27,672171.0700000001,87.37291666666665,15.342,8.342,10.917,47189.547,13006.701,5.1,5.1,0.0,23.83896,54.719997
1555,2024-04-04,296091.52,990147.17,64.52625,20.942,8.942,14.5357485,47406.797,21634.96,0.0,0.0,0.0,18.709612,41.039997
1556,2024-04-05,268188.68,1013717.59,46.58916666666667,24.392,10.392,16.685751,47624.324,42406.684,0.8000001,0.8000001,0.0,10.661107,24.119999
1557,2024-04-06,214740.71,890143.97,29.74083333333333,23.392,10.242001,16.733665,47842.01,42766.574,0.0,0.0,0.0,11.252519,26.28
1558,2024-04-07,226746.7,825981.89,20.762083333333333,26.192,11.342,18.487833,48059.715,43856.523,0.0,0.0,0.0,10.44,20.16
1559,2024-04-08,395980.85,574455.14,84.87458333333333,21.192,7.692,13.500332,48277.305,37414.43,2.3999999,2.3999999,0.0,26.932714,58.679996
1560,2024-04-09,282310.12,886850.95,57.9925,11.692,5.6419997,8.887833,48494.64,8703.564,1.9000002,1.9000002,0.0,14.84318,29.16
1561,2024-04-10,339736.98,767803.79,69.91041666666666,17.092,2.042,10.127418,48711.582,43862.492,0.0,0.0,0.0,8.669949,16.919998
1562,2024-04-11,322098.64,815524.23,58.80875,19.592,5.6419997,12.369082,48927.992,44778.55,0.0,0.0,0.0,11.165805,25.199999
1563,2024-04-12,270721.13,798865.46,60.95083333333333,21.741999,7.242,14.523248,49143.723,43101.195,0.0,0.0,0.0,10.383987,24.84
1564,2024-04-13,186212.44,869109.81,13.819583333333334,21.892,12.192,16.32325,49358.613,43200.0,0.0,0.0,0.0,22.19773,46.079998
1565,2024-04-14,205287.68,894366.35,16.74833333333333,15.242001,6.342,12.239917,49572.527,21782.926,2.8999999,2.8999999,0.0,30.453527,67.32
1566,2024-04-15,278991.33,780336.8,70.19250000000001,8.542001,3.7419999,5.939917,49785.3,30581.77,4.8,4.3999996,0.28,30.413076,70.92
1567,2024-04-16,312235.31,911873.63,56.25791666666667,8.192,1.8920001,4.4836664,49996.77,14438.369,5.5999994,4.0999994,1.05,13.684735,32.760002
1568,2024-04-17,512642.52999999997,500939.41,102.00875,8.892,0.642,4.4357495,50206.777,38294.53,5.1000004,2.6,1.75,13.783817,33.48
1569,2024-04-18,501888.66000000003,594260.84,95.82208333333334,6.592,1.792,3.8899162,50415.152,3886.8384,11.6,11.3,0.21000001,28.185955,60.120003
1570,2024-04-19,286931.48,1021417.35,58.81791666666666,7.1419997,1.392,4.2524166,50621.72,16638.486,8.1,4.7000003,2.3799999,24.535526,49.68
1571,2024-04-20,255352.54,734818.32,58.23875,3.9919999,0.392,2.3378332,50826.3,0.0,15.2,7.0999994,5.6699996,16.610792,34.2
1572,2024-04-21,280139.81,656635.62,55.15083333333333,7.342,-2.058,2.956583,51028.953,42050.31,0.6,0.4,0.14,13.896187,29.519999
1573,2024-04-22,498621.02999999997,543320.89,98.53000000000002,8.042,-1.508,3.7440834,51231.16,26537.951,0.0,0.0,0.0,14.799459,34.56
1574,2024-04-23,524343.18,578399.75,97.75833333333333,7.1419997,0.992,4.2961664,51433.105,38135.895,1.7,1.4000001,0.21000001,20.523155,43.56
1575,2024-04-24,515915.79,645800.58,94.30416666666666,8.592,1.042,4.2295003,51634.64,20610.648,1.1000001,0.9000001,0.14,16.343367,37.079998
1576,2024-04-25,528501.08,564437.79,90.62708333333335,13.842,-0.258,7.350334,51835.617,41918.926,0.2,0.2,0.0,16.563911,36.719997
1577,2024-04-26,479331.37,614152.18,86.44416666666666,18.892,3.442,10.987831,52035.883,47895.18,0.0,0.0,0.0,14.039999,31.319998
1578,2024-04-27,287569.82,683198.27,62.168749999999996,22.142,5.992,14.189916,52235.28,44929.438,0.0,0.0,0.0,14.88242,30.960001
1579,2024-04-28,201455.86000000002,904672.74,12.987916666666669,22.542,9.442,15.987835,52433.64,46852.45,0.0,0.0,0.0,12.261157,22.68
1580,2024-04-29,320997.15,656905.82,80.79916666666666,25.842,9.142,17.737833,52630.805,48663.316,0.0,0.0,0.0,14.186923,32.760002
1581,2024-04-30,287533.62,758128.89,69.38166666666667,24.042,10.392,17.758665,52826.598,48845.902,0.0,0.0,0.0,14.05845,32.399998
1582,2024-05-01,180956.4,906864.77,4.385416666666667,22.592,12.192,17.237831,53020.848,47857.42,0.1,0.1,0.0,20.721119,45.0
1583,2024-05-02,210428.88999999998,1041688.59,36.41916666666666,14.442,9.792001,12.046166,53213.363,578.89526,0.8,0.8,0.0,20.5484,42.48
1584,2024-05-03,269702.37,727632.08,77.80958333333334,16.991999,7.992,12.075333,53403.977,20153.816,0.2,0.2,0.0,11.503113,25.919998
1585,2024-05-04,270404.56,514242.78,75.14708333333333,18.842,8.392,13.106583,53592.484,35675.633,3.7,3.7,0.0,19.373219,44.639996
1586,2024-05-05,220616.22,734510.29,54.15625,19.892,8.842,13.889916,53778.695,20400.037,12.300001,12.300001,0.0,13.722565,30.599998
1587,2024-05-06,396481.3,510637.52999999997,93.17750000000001,14.642,10.592,12.071167,53962.406,0.0,2.7,2.7,0.0,15.124284,30.960001
1588,2024-05-07,433730.79,485298.6,93.03750000000001,13.742001,9.242001,11.28575,54143.414,0.0,2.6999993,2.6999993,0.0,13.324863,29.16
1589,2024-05-08,442019.24,494578.19,91.82333333333334,18.042,5.742,12.852418,54321.496,49486.72,0.0,0.0,0.0,8.913181,23.4
1590,2024-05-09,296801.27,569747.59,61.86208333333334,19.842,7.092,13.606584,54496.457,47137.688,0.0,0.0,0.0,8.707238,20.519999
1591,2024-05-10,284937.48,567824.5,75.99,20.842,6.3919997,14.044084,54668.06,39761.977,0.0,0.0,0.0,10.390226,21.24
1592,2024-05-11,231542.99,615548.96,53.65083333333334,21.342,8.842,15.594083,54836.297,50011.625,0.3,0.3,0.0,13.276144,28.08
1593,2024-05-12,186695.86,806127.24,1.7812500000000007,22.042,8.542001,15.9795,55002.504,50134.285,0.0,0.0,0.0,12.429127,28.08
1594,2024-05-13,247680.99,932337.4299999999,46.41458333333333,22.042,9.642,16.539915,55166.824,50282.797,0.3,0.3,0.0,19.829433,44.639996
1595,2024-05-14,229127.21,1058353.17,27.682916666666667,23.642,10.992001,17.892,55329.094,48279.582,0.0,0.0,0.0,18.289274,39.6
1596,2024-05-15,293712.11,985595.06,42.93208333333334,20.991999,13.442,16.237833,55489.15,39146.383,5.5999994,5.5999994,0.0,16.808569,37.8
1597,2024-05-16,305745.76,921809.73,49.55875,13.992001,10.992001,12.669084,55646.832,549.87604,12.6,12.6,0.0,18.584509,36.36
1598,2024-05-17,287114.61,853158.65,69.01291666666667,16.942,9.392,12.787834,55801.965,19166.605,4.5,4.5,0.0,18.204042,38.88
1599,2024-05-18,227218.53,614753.59,55.80375,19.192,9.042001,14.708665,55954.367,49544.87,1.9000001,1.9000001,0.0,14.658676,36.0
1600,2024-05-19,216451.29,551694.26,52.502916666666664,22.491999,8.292,16.125334,56103.867,50507.336,0.4,0.4,0.0,12.768586,23.4
1601,2024-05-20,221771.88,619312.49,64.97916666666667,20.442,13.242001,16.502415,56250.277,10432.542,23.899998,23.899998,0.0,16.575644,36.36
1602,2024-05-21,292443.57,805904.4,79.81333333333333,18.642,11.842,14.756583,56393.418,32967.04,10.6,10.6,0.0,19.652176,39.6
1603,2024-05-22,333327.4,731160.2,85.84458333333333,21.092,10.292001,15.739917,56533.094,47238.26,2.4,2.4,0.0,11.525623,23.759998
1604,2024-05-23,381993.3,607340.36,93.86791666666666,18.142,11.042001,14.377418,56669.11,27876.74,2.2,2.2,0.0,10.24578,25.56
1605,2024-05-24,442953.39,527416.23,102.19416666666666,20.092,9.642,14.3899145,56801.28,50231.59,2.9,2.9,0.0,7.9036193,23.759998
1606,2024-05-25,291481.44,550294.91,72.25625000000001,21.491999,9.842,16.169083,56929.4,49721.31,0.2,0.2,0.0,9.826088,23.4
1607,2024-05-26,248461.55,603733.42,57.93,20.892,12.642,16.781582,57053.258,36033.26,2.3,2.3,0.0,8.089993,21.96
1608,2024-05-27,375881.43,568673.1,106.88166666666666,17.741999,8.892,14.206584,57172.676,29803.746,11.2,11.2,0.0,16.923828,37.8
1609,2024-05-28,391883.01,608755.43,90.75166666666667,19.692,6.692,13.831582,57287.434,33685.387,2.3000002,2.3000002,0.0,14.081477,33.12
1610,2024-05-29,317667.24,778911.0,79.17666666666666,19.241999,12.242001,15.206586,57397.324,32415.375,10.500001,10.500001,0.0,16.65754,38.16
1611,2024-05-30,362513.55,498624.48,97.45,18.142,10.692,13.885749,57502.145,569.4072,25.099998,25.099998,0.0,18.709612,35.64
1612,2024-05-31,340712.99,528949.13,89.21708333333333,18.692,12.642,15.208668,57601.82,7518.7734,24.6,24.6,0.0,17.811815,37.079998
1613,2024-06-01,194869.29,666631.54,58.94583333333333,21.292,13.342,16.452415,57697.18,18959.793,16.4,16.4,0.0,10.966713,26.28
1614,2024-06-02,185216.47,772191.11,23.237916666666667,18.342,13.142,15.631585,57788.32,14774.174,0.2,0.2,0.0,13.358861,30.239998
1615,2024-06-03,412328.23,540463.79,117.14166666666667,20.792,11.042001,15.914914,57875.125,47018.492,0.3,0.3,0.0,10.30883,23.039999
1616,2024-06-04,391737.85,573985.24,107.23166666666667,21.392,10.492001,16.514917,57957.508,46990.383,0.6,0.6,0.0,19.201874,40.68
1617,2024-06-05,317407.68,795206.82,81.72416666666666,21.792,13.042001,17.375332,58035.36,50809.332,1.5000001,1.5000001,0.0,13.479583,32.039997
1618,2024-06-06,379233.07,691488.02,86.3675,21.542,12.792001,17.310751,58108.613,52603.402,0.2,0.2,0.0,16.299694,37.44
1619,2024-06-07,341501.52999999997,644037.61,83.14541666666666,24.942,9.442,18.335749,58177.14,43327.14,0.1,0.1,0.0,15.716793,34.92
1620,2024-06-08,218566.84,794642.96,45.96875,22.741999,13.692,18.181583,58240.875,44141.605,0.0,0.0,0.0,11.841756,26.64
1621,2024-06-09,215495.41,772273.04,27.255416666666665,20.491999,11.992001,16.594082,58299.707,41023.742,0.0,0.0,0.0,17.227419,37.44
1622,2024-06-10,321822.04,727901.28,92.64625000000001,15.542001,9.042001,12.402417,58353.547,35094.605,0.0,0.0,0.0,18.681883,38.519997
1623,2024-06-11,269954.44,944201.41,61.632083333333334,18.042,7.492,13.208667,58402.324,43332.105,0.3,0.3,0.0,10.182337,21.599998
1624,2024-06-12,324985.03,779406.75,91.19125000000001,17.292,8.592,12.908668,58445.94,51523.773,0.4,0.4,0.0,11.384199,27.0
1625,2024-06-13,379289.13,629375.71,94.77958333333333,17.842,8.092,13.448251,58484.324,12775.238,3.1999998,3.1999998,0.0,18.837324,38.519997
1626,2024-06-14,285446.28,715645.94,78.395,19.991999,11.992001,15.400334,58517.38,28547.076,3.6,3.6,0.0,16.75064,36.36
1627,2024-06-15,157809.31,912843.91,7.64375,21.491999,9.142,16.123251,58545.05,48942.082,0.0,0.0,0.0,13.755579,32.399998
1628,2024-06-16,177915.58,788602.83,21.404583333333335,23.392,12.492001,18.387835,58567.25,42493.305,0.3,0.3,0.0,17.429354,42.839996
1629,2024-06-17,359539.32,611246.74,94.33749999999999,27.491999,11.792001,20.571165,58583.914,46560.86,0.0,0.0,0.0,10.805999,28.08
1630,2024-06-18,451434.28,548902.03,96.19833333333334,26.342,15.042001,20.644081,58594.977,48608.344,0.2,0.2,0.0,20.966715,41.399998
1631,2024-06-19,417259.33,579309.54,84.31375,25.192,13.392,19.412832,58600.38,21969.363,1.0,1.0,0.0,12.181624,28.8
1632,2024-06-20,423310.27999999997,542250.83,93.79875,26.392,15.692,20.646168,58600.06,26714.838,6.4999995,6.4999995,0.0,15.072783,38.88
1633,2024-06-21,478516.03,526207.09,97.13833333333334,21.592,14.492001,17.944082,58593.945,47187.848,3.7000003,3.7000003,0.0,16.700275,33.839996
1634,2024-06-22,184420.92,802114.9,52.22208333333333,22.692,12.992001,18.433662,58582.11,46716.53,0.6,0.6,0.0,13.0447235,25.919998
1635,2024-06-23,219105.99,585305.7,50.04750000000001,23.942,14.392,19.552416,58564.613,53149.91,0.0,0.0,0.0,14.168641,31.319998
1636,2024-06-24,343155.39,604232.61,92.08541666666667,26.241999,14.342,20.72325,58541.535,53236.56,0.0,0.0,0.0,17.373497,38.16
1637,2024-06-25,353158.28,742295.52,75.59833333333333,26.892,17.241999,21.86075,58512.977,47691.543,4.4,4.4,0.0,12.4811535,32.760002
1638,2024-06-26,391704.24,678390.41,492.035,27.092,16.942,21.044085,58478.996,41323.785,19.600002,19.600002,0.0,17.418196,36.36
1639,2024-06-27,390264.23,614779.05,91.79041666666667,26.942,17.142,21.2545,58439.69,52679.773,14.5,14.5,0.0,15.856356,39.239998
1640,2024-06-28,271293.8,820734.67,63.05041666666667,31.092,16.792,24.473251,58395.168,51155.863,0.3,0.3,0.0,14.799459,32.399998
1641,2024-06-29,211361.32,625072.74,70.55333333333333,25.741999,16.642,21.84825,58345.51,39832.867,2.7,2.7,0.0,20.929596,50.039997
1642,2024-06-30,204904.5,634741.67,43.7725,22.142,13.242001,17.408667,58290.812,48448.734,2.2,2.2,0.0,20.056877,43.56
1643,2024-07-01,346206.38,617929.37,91.89083333333333,18.792,10.992001,15.175331,58231.18,30158.059,0.2,0.2,0.0,17.339897,36.719997
1644,2024-07-02,343203.65,693362.38,85.67666666666666,19.192,11.642,14.733665,58166.703,24985.236,4.9,4.9,0.0,13.339445,32.399998
1645,2024-07-03,372306.47,606025.0499999999,87.6225,19.842,9.842,14.596165,58097.49,39009.15,7.0999994,7.0999994,0.0,20.883104,46.44
1646,2024-07-04,180159.71,993252.21,28.09875,22.491999,11.742001,17.164917,58023.66,36553.82,0.0,0.0,0.0,22.206486,47.16
1647,2024-07-05,188898.53,952678.5499999999,36.99125,27.991999,12.842,19.612833,57945.3,40411.484,5.6,5.6,0.0,20.774214,50.399998
1648,2024-07-06,164633.3,978588.6,7.357083333333333,18.192,14.292001,16.092,57862.523,10655.751,3.2999995,3.2999995,0.0,13.698934,28.08
1649,2024-07-07,184401.81,770185.77,21.64625,25.692,10.542001,18.41908,57775.445,52910.28,0.0,0.0,0.0,15.273505,31.319998
1650,2024-07-08,342525.03,636226.52,88.42333333333333,29.692,13.342,22.387833,57684.164,52877.47,0.0,0.0,0.0,8.39657,21.96
1651,2024-07-09,324007.36,799385.03,77.6925,29.342,17.292,22.450333,57588.793,42576.297,2.1,2.1,0.0,19.242327,41.039997
1652,2024-07-10,366030.69,645520.27,79.01166666666667,25.792,17.192,21.583664,57489.293,48748.03,2.2,2.2,0.0,10.538843,28.8
1653,2024-07-11,402300.74,574256.5,91.27208333333334,26.092,16.292,20.82533,57384.76,23740.844,7.5,7.5,0.0,10.948973,30.239998
1654,2024-07-12,354503.07,675634.97,90.59583333333335,21.842,14.492001,18.331585,57275.2,42277.543,9.1,9.1,0.0,16.279802,32.039997
1655,2024-07-13,180037.79,793546.75,28.69,24.491999,12.542001,19.058668,57160.816,42247.074,0.1,0.1,0.0,12.979984,31.68
1656,2024-07-14,184625.07,726882.87,24.383333333333336,29.741999,13.292001,22.421165,57041.816,51458.695,0.0,0.0,0.0,8.473393,20.880001
1657,2024-07-15,281033.56,710142.56,77.67125,25.692,16.892,21.131582,56918.42,40457.15,9.3,9.3,0.0,17.873556,46.44
1658,2024-07-16,264208.98,839161.86,50.30125,23.942,13.342,19.235752,56790.836,46024.098,0.0,0.0,0.0,12.964998,29.88
1659,2024-07-17,283040.95,776620.95,76.37666666666667,27.142,13.492001,20.68575,56659.25,50870.293,0.0,0.0,0.0,12.88981,27.0
1660,2024-07-18,371139.54,585386.77,90.74166666666667,27.542,16.642,22.708666,56523.883,51095.258,0.3,0.3,0.0,10.182337,19.44
1661,2024-07-19,363956.8,592602.48,85.90125,27.092,17.392,22.364914,56384.926,50575.324,0.5,0.5,0.0,11.609651,28.08
1662,2024-07-20,235351.71,685782.75,61.99375,30.142,15.592,22.739916,56242.574,50808.164,2.4,2.4,0.0,15.827721,35.28
1663,2024-07-21,225513.33000000002,634145.13,54.33083333333334,25.142,18.092,21.437834,56097.016,29348.285,6.4999995,6.4999995,0.0,15.021105,35.64
1664,2024-07-22,296718.7,703261.54,91.22625,24.392,16.342,20.471167,55948.453,44611.66,2.6999998,2.6999998,0.0,16.595179,37.44
1665,2024-07-23,323091.09,661208.3,79.50708333333334,22.491999,15.742001,18.752417,55797.06,40630.6,1.9000001,1.9000001,0.0,16.831684,36.36
1666,2024-07-24,322076.57,703266.32,65.8625,24.392,13.342,19.11283,55643.023,45469.38,0.0,0.0,0.0,6.9899354,17.64
1667,2024-07-25,333783.58,615566.47,79.2775,26.991999,13.192,20.394083,55486.523,45760.453,0.3,0.3,0.0,12.979984,29.16
1668,2024-07-26,333962.62,577826.92,90.94541666666667,29.292,15.992001,22.608664,55327.73,44243.08,4.2000003,4.2000003,0.0,13.441071,33.48
1669,2024-07-27,313299.15,421521.38,80.8325,23.741999,15.542001,20.096167,55166.816,40259.21,1.8000001,1.8000001,0.0,19.826164,43.199997
1670,2024-07-28,216897.33,678349.75,46.02125,25.442,12.042001,19.537832,55003.95,49108.402,0.0,0.0,0.0,10.495713,20.16
1671,2024-07-29,287656.12,653808.0,71.61999999999999,27.491999,11.342,20.614918,54839.285,49967.04,0.0,0.0,0.0,10.137692,27.0
1672,2024-07-30,364624.22,595162.36,77.24208333333333,31.842,14.792001,24.025331,54672.773,49372.73,0.1,0.1,0.0,7.8954163,18.72
1673,2024-07-31,412799.5,545807.33,79.40458333333333,28.292,18.642,22.023247,54503.074,30812.887,14.700001,14.700001,0.0,16.039202,37.8
1674,2024-08-01,479421.41000000003,527634.39,94.86625,22.842,17.042,20.006582,54330.094,39781.555,1.4000002,1.4000002,0.0,24.74329,54.0
1675,2024-08-02,443140.97,486059.9,93.81208333333332,25.692,12.542001,19.600332,54154.055,48960.324,1.0,1.0,0.0,16.179985,32.399998
1676,2024-08-03,268147.37,532093.85,75.28916666666667,23.792,16.192,19.431583,53975.17,28372.059,16.500002,16.500002,0.0,16.954432,39.239998
1677,2024-08-04,235946.96,642104.26,62.09166666666667,23.342,16.242,19.133665,53793.645,36154.4,0.3,0.3,0.0,9.178235,23.759998
1678,2024-08-05,358277.57,535345.78,99.85625,26.592,12.892,20.208666,53609.688,48918.625,0.0,0.0,0.0,8.714677,21.96
1679,2024-08-06,382510.78,596765.18,86.98,27.741999,15.442,21.067,53423.484,35886.523,0.0,0.0,0.0,13.75558,31.319998
1680,2024-08-07,399838.35,547887.74,92.90958333333333,22.642,14.542001,18.650331,53235.23,28038.07,1.8000002,1.8000002,0.0,13.1041975,29.519999
1681,2024-08-08,374638.3,527093.39,93.15458333333333,26.092,11.842,19.733667,53045.113,35897.055,0.0,0.0,0.0,15.463244,34.56
1682,2024-08-09,228449.68,899439.36,53.31708333333333,27.142,17.192,22.07325,52853.324,47358.906,0.0,0.0,0.0,15.4800005,34.2
1683,2024-08-10,189414.12,758252.28,49.84708333333333,29.642,13.692,22.306581,52660.023,48257.117,0.0,0.0,0.0,10.948973,19.44
1684,2024-08-11,203608.79,610848.58,54.7175,31.042,16.592,24.085749,52465.39,47160.35,0.0,0.0,0.0,10.587918,19.8
1685,2024-08-12,310988.85,651061.01,92.05833333333334,31.792,18.392,24.904497,52269.598,45778.65,0.2,0.2,0.0,8.209263,28.8
1686,2024-08-13,365626.38,758691.37,99.73833333333333,30.592,16.392,23.914915,52072.81,47421.08,0.9,0.9,0.0,12.261158,28.44
1687,2024-08-14,414679.94,580925.36,108.0125,28.491999,17.842,23.123251,51875.176,47075.14,0.0,0.0,0.0,12.783802,33.839996
1688,2024-08-15,366435.85,580742.76,85.52875,29.592,16.892,23.6045,51676.86,46959.062,0.3,0.3,0.0,10.195057,25.56
1689,2024-08-16,369334.28,618170.72,108.03875,27.241999,17.792,22.2295,51478.008,39517.617,1.1,1.1,0.0,10.685391,27.0
1690,2024-08-17,356331.15,442029.95,93.23583333333333,23.892,17.942,20.023247,51278.77,20651.365,19.899998,19.899998,0.0,14.529915,32.399998
1691,2024-08-18,313458.18,397346.79,88.23666666666666,21.241999,15.692,18.308668,51079.29,8365.3125,9.700002,9.700002,0.0,19.137648,42.12
1692,2024-08-19,399786.58,499734.94,108.19625,24.342,14.442,19.946167,50879.48,33309.53,0.1,0.1,0.0,10.028439,24.48
1693,2024-08-20,339880.43,644387.46,92.11208333333333,21.292,12.642,18.133665,50677.91,42494.61,0.3,0.3,0.0,19.734436,42.839996
1694,2024-08-21,235797.12,931734.08,52.623333333333335,22.741999,10.442,16.696167,50474.43,40954.516,0.0,0.0,0.0,9.021574,23.4
1695,2024-08-22,230082.22,863470.34,63.04208333333333,27.542,11.292001,19.344082,50269.21,45675.125,0.0,0.0,0.0,13.746156,30.599998
1696,2024-08-23,197515.5,1049181.39,39.125,29.991999,12.492001,21.908667,50062.42,45605.02,0.0,0.0,0.0,12.224107,27.72
1697,2024-08-24,180628.78,840786.41,49.80916666666667,21.942,11.842,17.848248,49854.215,9886.775,2.0,2.0,0.0,17.782688,37.8
1698,2024-08-25,189691.67,787263.4299999999,21.86375,22.241999,11.042001,16.86075,49644.75,42559.4,0.0,0.0,0.0,6.151683,18.0
1699,2024-08-26,326971.55,623969.01,99.58541666666667,25.142,11.642,19.187832,49434.18,45206.234,0.0,0.0,0.0,14.440443,32.039997
1700,2024-08-27,377815.87,613037.72,90.89791666666667,28.342,15.892,21.875334,49222.656,45086.15,0.0,0.0,0.0,9.178235,22.319998
1701,2024-08-28,368960.67,708382.82,95.9225,30.442,15.542001,23.121164,49010.32,44384.98,0.0,0.0,0.0,9.793059,16.56
1702,2024-08-29,428278.33,622961.25,112.91083333333334,30.991999,16.542,24.514917,48797.32,44105.02,0.0,0.0,0.0,10.739833,20.519999
1703,2024-08-30,463076.19,528254.8,106.6375,28.842,18.741999,23.404501,48583.79,43727.867,0.0,0.0,0.0,15.256526,32.760002
1704,2024-08-31,270323.48,666170.54,79.04625,27.991999,17.642,22.381578,48369.863,44157.582,0.0,0.0,0.0,14.118243,30.599998
1705,2024-09-01,280853.25,802206.47,61.64791666666667,26.142,16.392,20.664917,48155.68,28940.34,2.1,2.1,0.0,16.375053,33.839996
1706,2024-09-02,479529.75,662214.7,115.07375,27.792,14.592,21.014917,47941.367,43224.586,0.5,0.5,0.0,6.439876,16.199999
1707,2024-09-03,562776.69,524944.02,158.39208333333332,27.892,15.692,20.439913,47727.05,39223.95,3.6999998,3.6999998,0.0,21.611998,45.719997
1708,2024-09-04,576456.04,513306.52,125.83666666666666,30.342,17.542,23.835752,47512.863,43051.133,0.0,0.0,0.0,22.771244,47.88
1709,2024-09-05,398608.15,930969.32,64.42291666666667,26.642,17.991999,22.425337,47298.926,42776.89,0.0,0.0,0.0,18.584509,40.68
1710,2024-09-06,433996.33,843387.62,76.12708333333333,26.592,13.292001,20.342001,47085.37,42798.684,0.0,0.0,0.0,9.47012,19.8
1711,2024-09-07,351280.62,625752.4299999999,79.41666666666667,27.592,12.992001,20.394083,46872.31,25511.254,10.4,10.4,0.0,12.031756,25.919998
1712,2024-09-08,329368.96,540505.05,68.99791666666667,18.892,13.742001,16.212835,46659.645,24422.059,19.100006,19.100006,0.0,21.120682,41.760002
1713,2024-09-09,481018.11,587029.12,99.73083333333334,18.092,12.092,14.871169,46445.945,31952.855,2.1000001,2.1000001,0.0,20.176065,41.760002
1714,2024-09-10,300508.99,949062.42,59.03875,16.542,9.542001,12.854501,46231.035,9334.818,8.2,8.2,0.0,26.089447,52.199997
1715,2024-09-11,385857.79,758467.64,80.93958333333333,12.992001,8.692,10.450335,46015.055,20301.086,2.1000001,2.1000001,0.0,11.177405,24.119999
1716,2024-09-12,512790.4,521936.61,112.33833333333332,11.442,7.3919997,8.964917,45798.14,513.8125,13.6,13.6,0.0,23.507753,46.44
1717,2024-09-13,361839.18,665165.47,90.81291666666665,12.292001,8.192,9.867002,45580.414,103.66253,8.000001,8.000001,0.0,28.894344,60.479996
1718,2024-09-14,240514.87,776536.96,53.83375,14.542001,7.6419997,10.758667,45362.016,25617.492,7.3,7.3,0.0,24.40046,51.12
1719,2024-09-15,273886.26,635789.4400000001,62.12625,13.542001,9.492001,11.233668,45143.074,2622.9143,11.500001,11.500001,0.0,23.219301,45.36
1720,2024-09-16,478984.86,548083.77,97.47333333333334,19.592,12.792001,15.927417,44923.7,38457.445,1.6000001,1.6000001,0.0,18.289274,43.199997
1721,2024-09-17,432370.11,695151.28,88.89416666666666,21.942,13.092,16.962833,44704.04,40995.52,0.0,0.0,0.0,23.40277,50.039997
1722,2024-09-18,405926.44,752895.6799999999,77.97708333333334,19.991999,13.192,16.148252,44484.207,40775.824,0.3,0.3,0.0,20.49156,48.6
1723,2024-09-19,360230.85000000003,809772.14,77.86874999999999,20.642,10.892,15.764915,44264.324,40555.703,0.0,0.0,0.0,18.11841,38.88
1724,2024-09-20,305790.9,882842.45,73.36666666666666,21.741999,10.342,15.427414,44044.523,40335.285,0.0,0.0,0.0,9.290511,23.039999
1725,2024-09-21,286112.77,678579.31,70.02416666666666,22.392,8.192,15.185749,43824.918,38314.55,0.0,0.0,0.0,8.089993,14.04
1726,2024-09-22,343447.21,492250.53,76.18166666666667,21.642,10.942,15.831584,43605.633,36118.61,2.0000002,2.0000002,0.0,11.183201,28.08
1727,2024-09-23,529202.09,415557.24,121.3625,18.092,12.542001,14.646168,43386.797,27256.107,16.500002,16.500002,0.0,19.64228,41.039997
1728,2024-09-24,447413.27,632624.76,91.7725,19.442,11.242001,14.996166,43168.52,27810.377,0.0,0.0,0.0,15.804164,38.519997
1729,2024-09-25,378871.47,815583.41,75.1425,17.442,12.692,14.527416,42950.945,0.0,20.1,20.1,0.0,21.573734,42.12
1730,2024-09-26,293209.6,954150.31,55.002916666666664,18.292,11.042001,14.069083,42734.18,32398.617,3.9,3.9,0.0,21.90534,51.839996
1731,2024-09-27,198813.32,1269933.18,14.7575,13.692,6.792,10.944084,42518.355,28966.639,0.8000001,0.8000001,0.0,17.581125,38.16
1732,2024-09-28,205193.68,926308.49,29.070833333333336,12.892,2.892,8.258667,42303.37,32378.54,0.0,0.0,0.0,14.369594,27.72
1733,2024-09-29,242977.27,631325.18,58.34625,11.192,6.092,8.539918,42087.707,16234.972,4.8,4.8,0.0,15.12964,32.399998
1734,2024-09-30,315184.87,963591.17,33.322916666666664,16.342,8.442,12.194084,41871.168,36000.0,2.8999996,2.8999996,0.0,15.198012,36.36
1735,2024-10-01,377774.51,812104.51,67.835,13.192,8.392,10.7836685,41653.91,7168.3726,19.8,19.8,0.0,15.3264475,30.599998
1736,2024-10-02,506057.44,637878.81,95.86208333333333,12.642,6.842,9.312835,41436.062,15069.5625,0.4,0.4,0.0,14.145756,31.319998
1737,2024-10-03,375067.08,627985.89,72.65583333333333,11.042001,6.792,8.93575,41217.76,0.0,4.8,4.8,0.0,15.882896,32.399998
1738,2024-10-04,485697.23,487482.64,96.12958333333334,10.642,4.742,8.742001,40999.15,7365.469,3.3,3.3,0.0,12.236029,25.919998
1739,2024-10-05,423881.9,407301.53,85.93374999999999,13.092,3.692,7.8524175,40780.363,22748.656,0.1,0.1,0.0,10.195057,24.119999
1740,2024-10-06,307920.78,663479.35,54.89791666666667,18.991999,5.992,12.564918,40561.55,24198.363,0.2,0.2,0.0,14.221139,30.239998
1741,2024-10-07,448394.64,680298.19,83.72,20.542,11.392,14.769084,40342.848,25200.0,10.3,10.3,0.0,17.229301,33.839996
1742,2024-10-08,459636.8,650238.7000000001,91.31666666666666,18.392,10.392,14.527417,40124.406,28582.934,0.6,0.6,0.0,19.73854,41.399998
1743,2024-10-09,384520.57,789122.35,83.0675,16.842,10.742001,14.077415,39906.367,10781.524,0.6,0.6,0.0,32.682766,69.479996
1744,2024-10-10,346710.81,972328.95,59.732499999999995,10.892,3.892,8.9419985,39688.875,21438.951,4.4999995,4.4999995,0.0,18.360882,39.239998
1745,2024-10-11,430431.57,696183.36,95.20208333333333,13.292001,1.342,7.8232512,39472.09,30024.549,0.0,0.0,0.0,14.957339,30.239998
1746,2024-10-12,253582.38,795607.03,56.3725,12.842,5.492,10.564918,39256.156,17127.836,5.2,5.2,0.0,24.854343,51.12
1747,2024-10-13,236840.25,1165046.8,8.106250000000001,11.792001,0.792,7.029501,39041.227,10012.976,9.4,9.4,0.0,10.34178,28.08
1748,2024-10-14,551822.09,516669.23,105.58625,14.342,5.1419997,9.573251,38827.473,21275.475,0.0,0.0,0.0,11.39842,24.119999
1749,2024-10-15,524041.15,574608.7,94.99708333333332,16.392,5.292,10.225335,38615.043,34758.53,0.1,0.1,0.0,13.902014,32.399998
1750,2024-10-16,345757.41,1046706.85,35.07625,18.042,6.592,11.439916,38404.105,34536.48,0.0,0.0,0.0,11.052058,23.4
1751,2024-10-17,430534.2,780518.3099999999,71.5175,16.142,8.342,11.810752,38194.84,16292.637,1.2,1.2,0.0,14.810401,29.88
1752,2024-10-18,562647.35,432175.74,102.27375,17.542,9.642,12.933666,37987.14,10914.075,0.3,0.3,0.0,11.1090765,24.119999
1753,2024-10-19,380261.15,514150.63,85.51625,16.692,7.792,11.3565855,37779.316,27642.389,0.0,0.0,0.0,11.738705,26.28
1754,2024-10-20,229667.62,722575.14,35.51416666666667,15.792001,7.6419997,11.439918,37571.164,22132.5,0.0,0.0,0.0,10.163227,23.4
1755,2024-10-21,476733.95,710560.54,83.03958333333334,18.392,7.542,12.38575,37362.85,18422.156,2.0,2.0,0.0,12.9249525,27.72
1756,2024-10-22,534261.54,651531.12,103.01458333333333,12.142,8.892,10.350333,37154.555,915.1085,3.6000001,3.6000001,0.0,11.435313,24.119999
1757,2024-10-23,618743.08,465307.71,111.99666666666667,15.392,7.442,10.937835,36946.445,18000.0,0.0,0.0,0.0,12.061343,26.64
1758,2024-10-24,579202.01,560866.68,101.67916666666667,14.442,6.042,9.687833,36738.695,20673.162,0.0,0.0,0.0,9.167638,21.24
1759,2024-10-25,605757.03,497708.16000000003,112.71583333333332,15.942,5.542,9.633668,36531.496,26825.799,0.0,0.0,0.0,11.659777,25.919998
1760,2024-10-26,516585.22,457308.86,101.71875,13.392,7.442,9.877418,36325.035,2011.4146,0.0,0.0,0.0,11.212135,24.84
1761,2024-10-27,399849.47,525721.35,90.334,16.592,7.042,10.4086685,36119.496,23216.371,0.0,0.0,0.0,9.391102,21.599998
1762,2024-10-28,548079.38,636519.32,111.34708333333333,16.942,6.3919997,10.869084,35915.08,26335.791,0.1,0.1,0.0,8.461915,19.44
1763,2024-10-29,660117.15,429008.16,141.17791666666668,13.342,6.342,9.448251,35711.98,6084.2607,0.0,0.0,0.0,7.6409945,14.04
1764,2024-10-30,685237.54,397201.68,124.69041666666668,11.792001,7.092,8.979501,35510.406,3149.6562,0.0,0.0,0.0,7.5019197,17.28
1765,2024-10-31,570340.92,562636.87,105.78958333333333,13.042001,6.242,9.210751,35310.562,18468.773,0.0,0.0,0.0,9.252069,20.16
1766,2024-11-01,385297.4,726140.23,75.06,11.592,7.042,8.958667,35112.668,0.0,0.0,0.0,0.0,11.583109,22.319998
1767,2024-11-02,482936.0,373546.96,106.75875,10.892,0.792,6.4024167,34916.945,29893.371,0.0,0.0,0.0,8.287822,19.8
1768,2024-11-03,463834.31,440085.27,93.43416666666667,10.292001,0.14199999,3.92325,34723.617,21037.043,0.0,0.0,0.0,8.731392,14.4
1769,2024-11-04,678744.42,356774.92,125.86833333333334,8.092,0.242,3.4836662,34532.91,11349.971,0.0,0.0,0.0,10.589448,24.84
1770,2024-11-05,716543.61,345683.45,164.785,9.142,1.492,5.246167,34345.07,0.0,0.0,0.0,0.0,7.7879906,15.4800005
1771,2024-11-06,793965.65,211150.13,231.09124999999997,9.342,5.3919997,6.9482503,34160.344,953.7396,0.0,0.0,0.0,8.37532,17.28
1772,2024-11-07,808584.49,231739.39,159.62208333333334,7.692,0.442,5.22325,33978.688,948.1494,0.0,0.0,0.0,11.466438,25.56
1773,2024-11-08,773159.67,453580.39,113.38916666666667,7.8919997,0.192,3.2149165,33798.324,21088.28,0.0,0.0,0.0,8.654987,16.56
1774,2024-11-09,700956.38,320954.38,114.47416666666668,5.692,-1.8579999,0.5544999,33619.055,21069.148,0.0,0.0,0.0,8.581677,14.759999
1775,2024-11-10,633786.22,249236.52,114.16916666666667,4.542,-1.208,1.9149166,33441.08,0.0,1.7000002,1.7000002,0.0,8.404285,15.84
1776,2024-11-11,734983.21,443335.77,121.76541666666667,3.2419999,-0.95799994,2.1315835,33264.6,0.0,0.3,0.3,0.0,12.739371,27.359999
1777,2024-11-12,804270.51,333809.22,166.12291666666667,3.4919999,-1.6579999,1.2690834,33089.84,0.0,1.9000001,1.9000001,0.0,7.968939,17.64
1778,2024-11-13,837753.5,353863.65,150.0925,4.6419997,1.842,3.3669999,32917.004,0.0,1.2,1.2,0.0,12.232057,25.199999
1779,2024-11-14,775607.91,581597.26,122.01666666666667,7.742,1.192,4.817,32746.31,4771.623,0.3,0.3,0.0,10.853866,20.880001
1780,2024-11-15,757263.9400000001,472679.11,124.17,7.492,-1.3579999,2.1899164,32577.992,28208.572,0.0,0.0,0.0,10.948973,25.56
1781,2024-11-16,520749.29,795617.04,94.35625,4.8919997,-0.70799994,3.0919998,32412.277,0.0,3.1000001,3.1000001,0.0,18.057508,36.0
1782,2024-11-17,372445.5,990379.25,63.48166666666666,4.442,2.7919998,3.6211665,32249.404,0.0,7.3000007,6.4000006,0.63,24.702005,49.68
1783,2024-11-18,568370.25,900298.61,104.59041666666667,10.042001,2.842,7.1836677,32089.615,0.0,8.6,8.099999,0.35,31.615503,63.72
1784,2024-11-19,697436.29,728116.33,123.9925,5.542,0.292,1.7336665,31933.156,11597.765,11.800001,7.7,3.0099998,25.846146,55.079998
1785,2024-11-20,631892.62,776600.73,115.03083333333332,1.992,-1.308,-0.072583295,31780.275,473.64325,1.1,0.0,0.77,21.65468,47.519997
1786,2024-11-21,694079.92,723636.82,123.31791666666668,1.592,-3.2080002,-0.81841666,31631.232,24467.139,1.3,0.0,0.90999997,26.85863,58.32
1787,2024-11-22,602824.44,937791.42,111.30416666666667,3.642,-0.10800001,1.2586666,31486.287,3121.1584,0.2,0.1,0.07,28.962107,58.679996
1788,2024-11-23,385520.38,969664.35,76.02125,11.992001,1.492,5.63575,31345.707,26814.623,0.1,0.1,0.0,16.176983,31.68
1789,2024-11-24,245198.05,1214066.3,3.9675,10.342,1.442,5.0690827,31209.762,26659.434,0.0,0.0,0.0,14.677452,30.599998
1790,2024-11-25,422700.49,1067287.96,55.01458333333333,9.892,2.5419998,6.5295005,31078.723,17546.412,2.8999999,2.8999999,0.0,14.769874,32.760002
1791,2024-11-26,646159.8,759558.08,112.74958333333332,6.942,-0.058,3.0128334,30952.871,20374.957,1.2,1.2,0.0,17.01738,32.039997
1792,2024-11-27,596377.63,860772.78,119.98541666666667,8.642,4.192,5.9982495,30832.25,20539.066,2.7,2.7,0.0,26.300335,55.079998
1793,2024-11-28,571095.4,1027004.73,96.07333333333334,5.542,-1.408,2.7440832,30715.494,11323.238,0.0,0.0,0.0,14.917212,32.760002
1794,2024-11-29,720347.7,452206.73,130.24791666666667,5.092,-3.2580001,-0.5330001,30602.432,25962.828,0.0,0.0,0.0,10.261579,20.880001
1795,2024-11-30,558598.7,723669.5,104.24041666666666,2.842,-5.458,-2.7663336,30493.234,25836.984,0.0,0.0,0.0,9.0018,22.68
1796,2024-12-01,520602.32,622178.91,94.59291666666667,3.5419998,-4.708,-0.38091668,30388.047,14277.682,1.5,1.5,0.0,11.052058,24.119999
1797,2024-12-02,637652.45,731963.91,109.14791666666667,5.042,0.792,3.1336668,30287.037,951.1755,4.7999997,4.7999997,0.0,13.644427,27.0
1798,2024-12-03,750319.61,606060.47,144.07208333333332,2.7919998,-0.058,1.2919999,30190.365,7035.783,0.0,0.0,0.0,9.979859,23.759998
1799,2024-12-04,797404.61,384997.49,182.46916666666667,2.2419999,-2.2080002,0.367,30098.19,13050.362,0.1,0.1,0.0,15.763107,30.599998
1800,2024-12-05,611967.97,866607.97,106.20083333333334,6.842,1.542,4.083667,30010.676,7031.8516,24.8,24.6,0.14,33.851967,68.76
1801,2024-12-06,482833.73,969065.85,86.37458333333332,4.392,-0.758,2.4211664,29927.973,0.0,4.9999995,4.9999995,0.0,24.201132,54.36
1802,2024-12-07,386654.54,834428.48,71.50833333333334,5.542,1.492,3.1753333,29850.258,717.63153,0.8000001,0.8000001,0.0,13.151091,25.919998
1803,2024-12-08,455016.51,609461.18,99.06833333333333,2.842,1.492,2.0836666,29777.678,0.0,0.3,0.3,0.0,16.74387,35.28
1804,2024-12-09,570510.5,911100.0,99.59125,2.5419998,1.092,1.6711668,29710.393,0.0,0.9000001,0.8000001,0.07,12.47726,28.08
1805,2024-12-10,754459.57,593790.85,149.92875,1.842,-0.508,1.0690835,29648.562,0.0,0.0,0.0,0.0,9.220499,20.519999
1806,2024-12-11,879868.48,243261.97,266.5441666666667,1.792,-3.2580001,-0.7580001,29592.348,14230.503,0.0,0.0,0.0,5.004518,10.440001
1807,2024-12-12,881188.51,226736.1,395.33874999999995,1.692,-4.908,-2.058,29541.889,23616.55,0.0,0.0,0.0,10.9859,23.4
1808,2024-12-13,834685.39,342229.35,178.46624999999997,3.592,-3.308,0.35658327,29497.35,14700.301,0.0,0.0,0.0,18.772715,41.399998
1809,2024-12-14,584769.27,690416.4400000001,101.22666666666667,3.592,0.14199999,1.8045,29458.871,0.0,1.6,1.3000001,0.21000001,22.402588,48.96
1810,2024-12-15,376496.42,1083046.98,46.84833333333333,6.8919997,3.7919998,5.8357506,29426.602,0.0,1.3000001,1.3000001,0.0,22.782625,44.639996
1811,2024-12-16,452946.81,1244992.76,48.67083333333333,6.942,4.6419997,5.63575,29400.674,0.0,0.6,0.6,0.0,19.803272,39.6
1812,2024-12-17,625228.66,830087.79,86.30083333333333,9.792001,2.7419999,5.4878335,29381.188,16341.023,0.0,0.0,0.0,12.835653,25.56
1813,2024-12-18,357761.18,1121622.32,54.97208333333333,10.742001,3.4919999,6.4628334,29367.855,741.93774,4.6,4.6,0.0,26.7565,56.88
1814,2024-12-19,329640.73,1192138.23,52.03208333333333,3.842,0.342,2.2419996,29360.58,19559.826,0.5,0.5,0.0,21.82755,46.44
1815,2024-12-20,390127.91000000003,1055792.9,76.37333333333333,4.442,0.14199999,2.7961667,29359.318,529.86444,0.70000005,0.70000005,0.0,19.270092,37.8
1816,2024-12-21,251635.82,1197226.37,22.135833333333334,5.6419997,-0.758,3.3753328,29364.008,411.96878,9.2,9.2,0.0,24.059475,50.76
1817,2024-12-22,253431.88,986154.2,22.934583333333336,2.092,-1.3579999,0.5065834,29374.62,0.0,0.3,0.2,0.07,18.865683,40.32
1818,2024-12-23,363950.93,956370.21,59.098749999999995,3.2419999,0.292,1.3003334,29391.068,5042.5776,0.0,0.0,0.0,18.606289,36.36
1819,2024-12-24,509565.05,497736.63,102.48625,4.142,-2.908,-0.61425,29413.312,24271.316,0.0,0.0,0.0,5.426933,14.4
1820,2024-12-25,500748.02,419997.92,98.625,3.092,-4.258,-2.337167,29441.262,22689.355,0.0,0.0,0.0,4.7110505,12.599999
1821,2024-12-26,600456.52,314155.33,112.89208333333333,6.092,-4.808,-1.2204998,29474.873,24165.621,0.0,0.0,0.0,4.913044,11.879999
1822,2024-12-27,708574.01,268571.36,121.70625,3.2919998,-4.908,-2.6746671,29514.06,24130.182,0.0,0.0,0.0,5.3426957,15.119999
1823,2024-12-28,700316.27,275162.43,122.63833333333334,4.142,-5.6080003,-2.1871672,29558.74,19520.125,0.0,0.0,0.0,9.72,20.519999
1824,2024-12-29,615408.5,547203.48,105.28041666666667,-0.007999986,-5.758,-1.9579998,29608.848,726.5788,0.0,0.0,0.0,10.094454,21.24
1825,2024-12-30,607675.26,783569.49,78.15583333333333,1.342,-6.458,-3.0434172,29664.283,19475.438,0.0,0.0,0.0,9.178235,19.8
